name,likes,downloads
JushBJJ/autonlp-bp-29016523,0,3
Kao/samyarn-bert-base-multilingual-cased,0,2
Katsiaryna/distilbert-base-uncased-finetuned,0,2
Katsiaryna/distilbert-base-uncased-finetuned_9th,0,2
Katsiaryna/distilbert-base-uncased-finetuned_9th_auc,0,3
Katsiaryna/qnli-electra-base-finetuned_9th_auc_ce,0,4
Katsiaryna/qnli-electra-base-finetuned_9th_auc_ce_diff,0,2
Katsiaryna/qnli-electra-base-finetuned_auc,0,2
Katsiaryna/stsb-TinyBERT-L-4-finetuned_auc,0,3
Katsiaryna/stsb-TinyBERT-L-4-finetuned_auc_151221-5-001,0,2
Katsiaryna/stsb-TinyBERT-L-4-finetuned_auc_151221-normal,0,2
Katsiaryna/stsb-TinyBERT-L-4-finetuned_auc_151221-top1,0,2
Katsiaryna/stsb-TinyBERT-L-4-finetuned_auc_151221-top3_op1,0,2
Katsiaryna/stsb-TinyBERT-L-4-finetuned_auc_151221-top3_op2,0,4
Katsiaryna/stsb-TinyBERT-L-4-finetuned_auc_151221-top3_op3,0,2
Katsiaryna/stsb-TinyBERT-L-4-finetuned_auc_161221-top3,0,0
Katsiaryna/stsb-TinyBERT-L-4-finetuned_auc_40000-top3-BCE,0,3
Katsiaryna/stsb-TinyBERT-L-4-finetuned_auc_40000-top3,0,2
Katsiaryna/stsb-distilroberta-base-finetuned_9th_auc_ce,0,2
Kayvane/distilbert-undersampled-noweights,0,1
Kayvane/distilbert-undersampled,0,2
Kceilord/autonlp-tc-13522454,0,3
Ketzu/koelectra-sts-v0.4,0,1
KheireddineDaouadi/ZeroAraElectra,0,36
Kien/distilbert-base-uncased-finetuned-cola,0,32
Kieran/distilbert-base-uncased-finetuned-cola,0,2
Kiran146/distilbert-base-uncased-finetuned-emotion,0,3
Kittipot/Wangchanberta-Depress-Finetuned,0,2
Kumicho/distilbert-base-uncased-finetuned-cola,0,3
LHF/FinEAS,0,5
Lazaro97/results,0,3
Lumos/ag_news1,0,2
Lumos/imdb2,0,2
Lumos/imdb3,0,2
Lumos/imdb3_hga,0,2
Lumos/imdb4,0,1
Lumos/yahoo1,0,1
Lumos/yahoo2,0,3
Luyu/bert-base-mdoc-hdct,0,2
M-FAC/bert-mini-finetuned-mrpc,0,5
M-FAC/bert-mini-finetuned-qqp,0,1
M-FAC/bert-mini-finetuned-sst2,0,6
M-FAC/bert-tiny-finetuned-mrpc,0,698
M-FAC/bert-tiny-finetuned-qnli,0,3
M-FAC/bert-tiny-finetuned-qqp,0,4
M-FAC/bert-tiny-finetuned-sst2,0,91
M47Labs/arabert_multiclass_news,0,3
M47Labs/binary_classification_arabic,0,2
M47Labs/italian_news_classification_headlines,0,1
MICADEE/autonlp-imdb-sentiment-analysis2-7121569,0,8
MINYOUNG/distilbert-base-uncased-finetuned-cola,0,5
Maha/OGBV-gender-bert-hi-en-hasoc20a-fin,0,3
Maha/OGBV-gender-indicbert-ta-eacl_finals,0,3
Maha/OGBV-gender-twtrobertabase-en-davidson,0,2
Maha/OGBV-gender-twtrobertabase-en-founta_final,0,3
Maha/OGBV-gender-twtrobertabase-en-trac1,0,3
Maha/hi-const21-hibert_final,0,3
Majed/internet2,0,2
MarioPenguin/finetuned-model,0,10
MarshallCharles/bartlargemnli,0,1
Maunish/kgrouping-roberta-large,0,3
MelissaTESSA/distilbert-base-uncased-finetuned-cola,0,4
MhF/distilbert-base-uncased-distilled-clinc,0,5
MhF/distilbert-base-uncased-finetuned-clinc,0,4
MhF/distilbert-base-uncased-finetuned-emotion,0,5
MiBo/SABERT,0,4
MiBo/SADistilGPT2,0,4
MickyMike/0-GPT2SP-appceleratorstudio,0,8
MickyMike/0-GPT2SP-aptanastudio,0,9
MickyMike/0-GPT2SP-bamboo,0,7
MickyMike/0-GPT2SP-clover,0,7
MickyMike/0-GPT2SP-datamanagement,0,9
MickyMike/0-GPT2SP-duracloud,0,9
MickyMike/0-GPT2SP-jirasoftware,0,8
MickyMike/0-GPT2SP-mesos,0,9
MickyMike/0-GPT2SP-moodle,0,8
MickyMike/0-GPT2SP-mule,0,7
MickyMike/0-GPT2SP-mulestudio,0,9
MickyMike/0-GPT2SP-springxd,0,11
MickyMike/0-GPT2SP-talenddataquality,0,7
MickyMike/0-GPT2SP-talendesb,0,8
MickyMike/0-GPT2SP-titanium,0,10
MickyMike/0-GPT2SP-usergrid,0,9
MickyMike/00-GPT2SP-appceleratorstudio-aptanastudio,0,9
MickyMike/00-GPT2SP-appceleratorstudio-titanium,0,9
MickyMike/00-GPT2SP-aptanastudio-titanium,0,8
MickyMike/00-GPT2SP-mesos-usergrid,0,8
MickyMike/00-GPT2SP-mule-mulestudio,0,7
MickyMike/00-GPT2SP-mulestudio-mule,0,6
MickyMike/00-GPT2SP-titanium-appceleratorstudio,0,8
MickyMike/00-GPT2SP-usergrid-mesos,0,7
MickyMike/000-GPT2SP-appceleratorstudio-mule,0,6
MickyMike/000-GPT2SP-appceleratorstudio-mulestudio,0,8
MickyMike/000-GPT2SP-clover-usergrid,0,7
MickyMike/000-GPT2SP-mule-titanium,0,7
MickyMike/000-GPT2SP-mulestudio-titanium,0,7
MickyMike/000-GPT2SP-talenddataquality-appceleratorstudio,0,7
MickyMike/000-GPT2SP-talenddataquality-aptanastudio,0,7
MickyMike/000-GPT2SP-talendesb-mesos,0,7
MickyMike/1-GPT2SP-appceleratorstudio,0,7
MickyMike/1-GPT2SP-aptanastudio,0,9
MickyMike/1-GPT2SP-bamboo,0,7
MickyMike/1-GPT2SP-clover,0,8
MickyMike/1-GPT2SP-datamanagement,0,8
MickyMike/1-GPT2SP-duracloud,0,7
MickyMike/1-GPT2SP-jirasoftware,0,8
MickyMike/1-GPT2SP-mesos,0,7
MickyMike/1-GPT2SP-moodle,0,7
MickyMike/1-GPT2SP-mule,0,8
MickyMike/1-GPT2SP-mulestudio,0,7
MickyMike/1-GPT2SP-springxd,0,7
MickyMike/1-GPT2SP-talenddataquality,0,8
MickyMike/1-GPT2SP-talendesb,0,7
MickyMike/1-GPT2SP-titanium,0,7
MickyMike/1-GPT2SP-usergrid,0,6
MickyMike/11-GPT2SP-appceleratorstudio-aptanastudio,0,7
MickyMike/11-GPT2SP-appceleratorstudio-titanium,0,7
MickyMike/11-GPT2SP-aptanastudio-titanium,0,8
MickyMike/11-GPT2SP-mesos-usergrid,0,8
MickyMike/11-GPT2SP-mule-mulestudio,0,7
MickyMike/11-GPT2SP-mulestudio-mule,0,6
MickyMike/11-GPT2SP-titanium-appceleratorstudio,0,7
MickyMike/11-GPT2SP-usergrid-mesos,0,7
MickyMike/111-GPT2SP-appceleratorstudio-mule,0,8
MickyMike/111-GPT2SP-appceleratorstudio-mulestudio,0,7
MickyMike/111-GPT2SP-clover-usergrid,0,8
MickyMike/111-GPT2SP-mule-titanium,0,6
MickyMike/111-GPT2SP-mulestudio-titanium,0,8
MickyMike/111-GPT2SP-talenddataquality-appceleratorstudio,0,7
MickyMike/111-GPT2SP-talenddataquality-aptanastudio,0,7
MickyMike/111-GPT2SP-talendesb-mesos,0,8
MickyMike/2-GPT2SP-appceleratorstudio,0,7
MickyMike/2-GPT2SP-aptanastudio,0,7
MickyMike/2-GPT2SP-bamboo,0,7
MickyMike/2-GPT2SP-clover,0,8
MickyMike/2-GPT2SP-datamanagement,0,6
MickyMike/2-GPT2SP-duracloud,0,9
MickyMike/2-GPT2SP-jirasoftware,0,6
MickyMike/2-GPT2SP-mesos,0,7
MickyMike/2-GPT2SP-moodle,0,8
MickyMike/2-GPT2SP-mule,0,7
MickyMike/2-GPT2SP-mulestudio,0,8
MickyMike/2-GPT2SP-springxd,0,8
MickyMike/2-GPT2SP-talenddataquality,0,7
MickyMike/2-GPT2SP-talendesb,0,8
MickyMike/2-GPT2SP-titanium,0,6
MickyMike/2-GPT2SP-usergrid,0,8
MickyMike/22-GPT2SP-appceleratorstudio-aptanastudio,0,7
MickyMike/22-GPT2SP-appceleratorstudio-titanium,0,8
MickyMike/22-GPT2SP-aptanastudio-titanium,0,8
MickyMike/22-GPT2SP-mesos-usergrid,0,7
MickyMike/22-GPT2SP-mule-mulestudio,0,8
MickyMike/22-GPT2SP-mulestudio-mule,0,7
MickyMike/22-GPT2SP-titanium-appceleratorstudio,0,8
MickyMike/22-GPT2SP-usergrid-mesos,0,7
MickyMike/222-GPT2SP-appceleratorstudio-mule,0,7
MickyMike/222-GPT2SP-appceleratorstudio-mulestudio,0,8
MickyMike/222-GPT2SP-clover-usergrid,0,7
MickyMike/222-GPT2SP-mule-titanium,0,8
MickyMike/222-GPT2SP-mulestudio-titanium,0,9
MickyMike/222-GPT2SP-talenddataquality-appceleratorstudio,0,7
MickyMike/222-GPT2SP-talenddataquality-aptanastudio,0,8
MickyMike/222-GPT2SP-talendesb-mesos,0,8
MickyMike/6-GPT2SP-appceleratorstudio,0,7
MickyMike/6-GPT2SP-aptanastudio,0,8
MickyMike/6-GPT2SP-bamboo,0,7
MickyMike/6-GPT2SP-clover,0,8
MickyMike/6-GPT2SP-datamanagement,0,8
MickyMike/6-GPT2SP-duracloud,0,7
MickyMike/6-GPT2SP-jirasoftware,0,7
MickyMike/6-GPT2SP-mesos,0,8
MickyMike/6-GPT2SP-moodle,0,5
MickyMike/6-GPT2SP-mule,0,6
MickyMike/6-GPT2SP-mulestudio,0,8
MickyMike/6-GPT2SP-springxd,0,7
MickyMike/6-GPT2SP-talenddataquality,0,6
MickyMike/6-GPT2SP-talendesb,0,7
MickyMike/6-GPT2SP-titanium,0,7
MickyMike/6-GPT2SP-usergrid,0,8
MickyMike/66-GPT2SP-appceleratorstudio-aptanastudio,0,5
MickyMike/66-GPT2SP-appceleratorstudio-titanium,0,8
MickyMike/66-GPT2SP-aptanastudio-titanium,0,7
MickyMike/66-GPT2SP-mesos-usergrid,0,7
MickyMike/66-GPT2SP-mule-mulestudio,0,8
MickyMike/66-GPT2SP-mulestudio-mule,0,8
MickyMike/66-GPT2SP-titanium-appceleratorstudio,0,7
MickyMike/66-GPT2SP-usergrid-mesos,0,7
MickyMike/666-GPT2SP-appceleratorstudio-mule,0,7
MickyMike/666-GPT2SP-appceleratorstudio-mulestudio,0,3
MickyMike/666-GPT2SP-clover-usergrid,0,3
MickyMike/666-GPT2SP-mule-titanium,0,2
MickyMike/666-GPT2SP-mulestudio-titanium,0,4
MickyMike/666-GPT2SP-talenddataquality-appceleratorstudio,0,4
MickyMike/666-GPT2SP-talenddataquality-aptanastudio,0,4
MickyMike/666-GPT2SP-talendesb-mesos,0,4
MickyMike/7-GPT2SP-appceleratorstudio,0,4
MickyMike/7-GPT2SP-aptanastudio,0,4
MickyMike/7-GPT2SP-bamboo,0,2
MickyMike/7-GPT2SP-clover,0,4
MickyMike/7-GPT2SP-datamanagement,0,4
MickyMike/7-GPT2SP-duracloud,0,4
MickyMike/7-GPT2SP-jirasoftware,0,4
MickyMike/7-GPT2SP-mesos,0,3
MickyMike/7-GPT2SP-moodle,0,4
MickyMike/7-GPT2SP-mule,0,4
MickyMike/7-GPT2SP-mulestudio,0,2
MickyMike/7-GPT2SP-springxd,0,4
MickyMike/7-GPT2SP-talenddataquality,0,4
MickyMike/7-GPT2SP-talendesb,0,3
MickyMike/7-GPT2SP-titanium,0,5
MickyMike/7-GPT2SP-usergrid,0,4
MickyMike/77-GPT2SP-appceleratorstudio-aptanastudio,0,3
MickyMike/77-GPT2SP-appceleratorstudio-titanium,0,2
MickyMike/77-GPT2SP-aptanastudio-titanium,0,2
MickyMike/77-GPT2SP-mesos-usergrid,0,3
MickyMike/77-GPT2SP-mule-mulestudio,0,4
MickyMike/77-GPT2SP-mulestudio-mule,0,4
MickyMike/77-GPT2SP-titanium-appceleratorstudio,0,3
MickyMike/77-GPT2SP-usergrid-mesos,0,4
MickyMike/777-GPT2SP-appceleratorstudio-mule,0,4
MickyMike/777-GPT2SP-appceleratorstudio-mulestudio,0,0
MickyMike/777-GPT2SP-clover-usergrid,0,3
MickyMike/777-GPT2SP-mule-titanium,0,2
MickyMike/777-GPT2SP-mulestudio-titanium,0,3
MickyMike/777-GPT2SP-talenddataquality-appceleratorstudio,0,4
MickyMike/777-GPT2SP-talendesb-mesos,0,4
Mihneo/romanian_bert_news,0,2
MisbaHF/distilbert-base-uncased-finetuned-cola,0,4
MoaazZaki/machathonmodel,0,2
Monsia/autonlp-tweets-classification-23044997,0,3
MoritzLaurer/DeBERTa-v3-small-mnli-fever-docnli-ling-2c,0,207
MoritzLaurer/MiniLM-L6-mnli,0,50
Motahar/distilbert-sst2-mahtab,0,4
Mustang/BERT_responsible_AI,0,5
MutazYoune/Absa_AspectSentiment_hotels,0,5
NDugar/1epochv3,0,3
NDugar/2epochv3mlni,0,6
NDugar/finetuned-bert-mrpc,0,4
NDugar/v3large-1epoch,0,5
NDugar/v3large-2epoch,0,3
NTUYG/DeepSCC-RoBERTa,0,9
NYTK/sentiment-hts2-xlm-roberta-hungarian,0,7
NaliniK/distilbert-base-uncased-finetuned-cola,0,4
NathanZhu/GabHateCorpusTrained,0,4
NbAiLab/nb-bert-base-sami-relevant,0,7
Nenma/romanian-bert-fake-news,0,8
NikolajW/BaselineThesis,0,4
Omar95farag/distilbert-base-uncased-distilled-clinc,0,5
Omar95farag/distilbert-base-uncased-finetuned-clinc,0,3
Parsa/BBB_prediction_classification_IUPAC,0,2
Parsa/BBB_prediction_classification_SMILES,0,347
Peterard/distilbert_feature_classifier,0,2
Pratibha/xlm-roberta-base-finetuned-marc-en,0,2
Proggleb/roberta-base-bne-finetuned-amazon_reviews_multi,0,6
Qiaozhen/fake-news-detector,0,10
RameshArvind/roberta_long_answer_nq,0,3
Raychanan/chinese-roberta-wwm-ext-FineTuned-Binary,0,3
RecordedFuture/Swedish-Sentiment-Violence,0,4
Rexhaif/rubert-base-srl,0,10
ReynaQuita/twitter_disaster_bart,0,2
ReynaQuita/twitter_disaster_bert_large,0,2
ReynaQuita/twitter_disaster_distilbert,0,2
Riad/finetuned-bert-mrpc,0,2
Ritvik/nlp_model,0,3
Ritvik/nlp_model_mini,0,3
Roberta55/deberta-base-mnli-finetuned-cola,0,4
Ruizhou/bert-base-uncased-finetuned-mrpc,0,1
Ruizhou/bert-base-uncased-finetuned-rte,0,3
SEISHIN/distilbert-base-uncased-finetuned-mnli,0,6
Sakil/IMDB_URDUSENTIMENT_MODEL,0,4
Sakil/imdbsentdistilbertmodel,0,2
Sebb/german-nli-base-thesis,0,1
Sebb/german-nli-large-thesis,0,1
SetFit/MiniLM-L12-H384-uncased__sst2__all-train,0,3
SetFit/deberta-v3-base__sst2__all-train,0,1
SetFit/deberta-v3-large__sst2__train-16-0,0,3
SetFit/deberta-v3-large__sst2__train-16-1,0,3
SetFit/deberta-v3-large__sst2__train-16-2,0,7
SetFit/deberta-v3-large__sst2__train-16-3,0,6
SetFit/deberta-v3-large__sst2__train-16-4,0,3
SetFit/deberta-v3-large__sst2__train-16-5,0,3
SetFit/deberta-v3-large__sst2__train-16-6,0,5
SetFit/deberta-v3-large__sst2__train-16-7,0,2
SetFit/deberta-v3-large__sst2__train-16-8,0,2
SetFit/deberta-v3-large__sst2__train-16-9,0,6
SetFit/deberta-v3-large__sst2__train-32-0,0,7
SetFit/deberta-v3-large__sst2__train-32-1,0,2
SetFit/deberta-v3-large__sst2__train-8-0,0,12
SetFit/deberta-v3-large__sst2__train-8-1,0,1
SetFit/deberta-v3-large__sst2__train-8-2,0,1
SetFit/deberta-v3-large__sst2__train-8-3,0,1
SetFit/deberta-v3-large__sst2__train-8-4,0,1
SetFit/deberta-v3-large__sst2__train-8-5,0,1
SetFit/deberta-v3-large__sst2__train-8-6,0,2
SetFit/deberta-v3-large__sst2__train-8-7,0,1
SetFit/deberta-v3-large__sst2__train-8-8,0,2
SetFit/deberta-v3-large__sst2__train-8-9,0,1
SetFit/distilbert-base-uncased__TREC-QC__all-train,0,2
SetFit/distilbert-base-uncased__hate_speech_offensive__all-train,0,1
SetFit/distilbert-base-uncased__hate_speech_offensive__train-16-0,0,2
SetFit/distilbert-base-uncased__hate_speech_offensive__train-16-1,0,1
SetFit/distilbert-base-uncased__hate_speech_offensive__train-16-2,0,2
SetFit/distilbert-base-uncased__hate_speech_offensive__train-16-3,0,2
SetFit/distilbert-base-uncased__hate_speech_offensive__train-16-4,0,1
SetFit/distilbert-base-uncased__hate_speech_offensive__train-16-5,0,1
SetFit/distilbert-base-uncased__hate_speech_offensive__train-16-6,0,2
SetFit/distilbert-base-uncased__hate_speech_offensive__train-16-7,0,3
SetFit/distilbert-base-uncased__hate_speech_offensive__train-16-8,0,4
SetFit/distilbert-base-uncased__hate_speech_offensive__train-16-9,0,1
SetFit/distilbert-base-uncased__hate_speech_offensive__train-32-0,0,2
SetFit/distilbert-base-uncased__hate_speech_offensive__train-32-1,0,2
SetFit/distilbert-base-uncased__hate_speech_offensive__train-32-2,0,1
SetFit/distilbert-base-uncased__hate_speech_offensive__train-32-3,0,1
SetFit/distilbert-base-uncased__hate_speech_offensive__train-32-4,0,1
SetFit/distilbert-base-uncased__hate_speech_offensive__train-32-5,0,1
SetFit/distilbert-base-uncased__hate_speech_offensive__train-32-6,0,3
SetFit/distilbert-base-uncased__hate_speech_offensive__train-32-7,0,1
SetFit/distilbert-base-uncased__hate_speech_offensive__train-32-8,0,4
SetFit/distilbert-base-uncased__hate_speech_offensive__train-8-1,0,1
SetFit/distilbert-base-uncased__hate_speech_offensive__train-8-2,0,2
SetFit/distilbert-base-uncased__hate_speech_offensive__train-8-3,0,1
SetFit/distilbert-base-uncased__hate_speech_offensive__train-8-4,0,0
SetFit/distilbert-base-uncased__hate_speech_offensive__train-8-5,0,7
SetFit/distilbert-base-uncased__hate_speech_offensive__train-8-6,0,2
SetFit/distilbert-base-uncased__hate_speech_offensive__train-8-7,0,1
SetFit/distilbert-base-uncased__hate_speech_offensive__train-8-8,0,2
SetFit/distilbert-base-uncased__hate_speech_offensive__train-8-9,0,2
SetFit/distilbert-base-uncased__sst2__all-train,0,7
SetFit/distilbert-base-uncased__sst2__train-16-0,0,2
SetFit/distilbert-base-uncased__sst2__train-16-1,0,1
SetFit/distilbert-base-uncased__sst2__train-16-2,0,1
SetFit/distilbert-base-uncased__sst2__train-16-3,0,1
SetFit/distilbert-base-uncased__sst2__train-16-4,0,0
SetFit/distilbert-base-uncased__sst2__train-16-5,0,1
SetFit/distilbert-base-uncased__sst2__train-16-6,0,1
SetFit/distilbert-base-uncased__sst2__train-16-7,0,1
SetFit/distilbert-base-uncased__sst2__train-16-8,0,2
SetFit/distilbert-base-uncased__sst2__train-16-9,0,1
SetFit/distilbert-base-uncased__sst2__train-32-0,0,4
SetFit/distilbert-base-uncased__sst2__train-32-1,0,1
SetFit/distilbert-base-uncased__sst2__train-32-2,0,1
SetFit/distilbert-base-uncased__sst2__train-32-3,0,1
SetFit/distilbert-base-uncased__sst2__train-32-4,0,1
SetFit/distilbert-base-uncased__sst2__train-32-5,0,1
SetFit/distilbert-base-uncased__sst2__train-32-6,0,1
SetFit/distilbert-base-uncased__sst2__train-32-7,0,1
SetFit/distilbert-base-uncased__sst2__train-32-8,0,1
SetFit/distilbert-base-uncased__sst2__train-32-9,0,1
SetFit/distilbert-base-uncased__sst2__train-8-0,0,1
SetFit/distilbert-base-uncased__sst2__train-8-1,0,1
SetFit/distilbert-base-uncased__sst2__train-8-2,0,1
SetFit/distilbert-base-uncased__sst2__train-8-3,0,1
SetFit/distilbert-base-uncased__sst2__train-8-4,0,1
SetFit/distilbert-base-uncased__sst2__train-8-5,0,1
SetFit/distilbert-base-uncased__sst2__train-8-6,0,4
SetFit/distilbert-base-uncased__sst2__train-8-7,0,1
SetFit/distilbert-base-uncased__sst2__train-8-8,0,1
SetFit/distilbert-base-uncased__sst2__train-8-9,0,1
SetFit/distilbert-base-uncased__sst5__all-train,0,14
SetFit/distilbert-base-uncased__subj__all-train,0,5
SetFit/distilbert-base-uncased__subj__train-8-0,0,1
SetFit/distilbert-base-uncased__subj__train-8-1,0,1
SetFit/distilbert-base-uncased__subj__train-8-2,0,5
SetFit/distilbert-base-uncased__subj__train-8-3,0,1
SetFit/distilbert-base-uncased__subj__train-8-4,0,1
SetFit/distilbert-base-uncased__subj__train-8-5,0,1
SetFit/distilbert-base-uncased__subj__train-8-6,0,1
SetFit/distilbert-base-uncased__subj__train-8-7,0,1
SetFit/distilbert-base-uncased__subj__train-8-8,0,1
SetFit/distilbert-base-uncased__subj__train-8-9,0,1
SetFit/distilbert-base-uncased__tweet_eval_stance__all-train,0,1
Shuvam/autonlp-college_classification-164469,0,2
s-nlp/roberta_first_toxicity_classifier,0,13
s-nlp/roberta_toxicity_classifier_v1,0,21
Smone55/autonlp-au_topics-452311620,0,5
Sofiascope/amazon-fine-tuned-wm,0,1
Sofiascope/amazon-fine-tuned,0,1
SongRb/distilbert-base-uncased-finetuned-cola,0,2
Tahsin/distilbert-base-uncased-finetuned-emotion,0,4
TehranNLP/albert-base-v2-mnli,0,12
TehranNLP/bert-base-cased-mnli,0,4
TehranNLP/bert-base-uncased-mnli,0,6
TehranNLP/electra-base-mnli,0,4
TehranNLP/xlnet-base-cased-mnli,0,4
TehranNLP-org/albert-base-v2-avg-mnli,0,3
TehranNLP-org/bert-base-cased-avg-cola,0,2
TehranNLP-org/bert-base-cased-avg-mnli,0,3
TehranNLP-org/bert-base-uncased-avg-cola-2e-5-21,0,2
TehranNLP-org/bert-base-uncased-avg-cola-2e-5-42,0,3
TehranNLP-org/bert-base-uncased-avg-cola-2e-5-63,0,2
TehranNLP-org/bert-base-uncased-avg-mnli-2e-5-21,0,4
TehranNLP-org/bert-base-uncased-avg-mnli-2e-5-63,0,4
TehranNLP-org/bert-base-uncased-avg-mnli,0,2
TehranNLP-org/bert-base-uncased-avg-sst2-2e-5-21,0,3
TehranNLP-org/bert-base-uncased-avg-sst2-2e-5-42,0,2
TehranNLP-org/bert-base-uncased-avg-sst2-2e-5-63,0,2
TehranNLP-org/bert-base-uncased-cls-hatexplain,0,6
TehranNLP-org/bert-base-uncased-cls-mnli,0,6
TehranNLP-org/bert-base-uncased-cls-sst2,0,74
TehranNLP-org/bert-base-uncased-mrpc-2e-5-42,0,2
TehranNLP-org/bert-base-uncased-qqp-2e-5-42,0,3
TehranNLP-org/electra-base-ag-news-2e-5-42,0,2
TehranNLP-org/electra-base-avg-cola-2e-5-21,0,3
TehranNLP-org/electra-base-avg-cola-2e-5-42,0,3
TehranNLP-org/electra-base-avg-cola-2e-5-63,0,2
TehranNLP-org/electra-base-avg-cola,0,2
TehranNLP-org/electra-base-avg-mnli-2e-5-21,0,3
TehranNLP-org/electra-base-avg-mnli-2e-5-63,0,2
TehranNLP-org/electra-base-avg-mnli-2e-5,0,3
TehranNLP-org/electra-base-avg-mnli,0,3
TehranNLP-org/electra-base-avg-qqp-2e-5-42,0,2
TehranNLP-org/electra-base-avg-sst2-2e-5-21,0,2
TehranNLP-org/electra-base-avg-sst2-2e-5-42,0,2
TehranNLP-org/electra-base-avg-sst2-2e-5-63,0,2
TehranNLP-org/electra-base-mrpc-2e-5-42,0,1
TehranNLP-org/electra-base-qqp-2e-5-42,0,2
TehranNLP-org/electra-base-qqp-cls-2e-5-42,0,3
TehranNLP-org/roberta-base-mnli-2e-5-42,0,2
TehranNLP-org/roberta-base-mrpc-2e-5-42,0,2
TehranNLP-org/roberta-base-qqp-2e-5-42,0,5
TehranNLP-org/xlnet-base-cased-avg-cola-2e-5-21,0,2
TehranNLP-org/xlnet-base-cased-avg-cola-2e-5-42,0,3
TehranNLP-org/xlnet-base-cased-avg-cola-2e-5-63,0,3
TehranNLP-org/xlnet-base-cased-avg-mnli-2e-5-63,0,3
TehranNLP-org/xlnet-base-cased-avg-mnli-2e-5,0,6
TehranNLP-org/xlnet-base-cased-avg-mnli,0,4
TehranNLP-org/xlnet-base-cased-avg-sst2-2e-5-21,0,2
TehranNLP-org/xlnet-base-cased-avg-sst2-2e-5-42,0,5
TehranNLP-org/xlnet-base-cased-avg-sst2-2e-5-63,0,3
Tejas3/Xlnet_base_80,0,3
Tejas3/distillbert_110_uncased_movie_genre,0,2
Tejas3/distillbert_110_uncased_v1,0,2
Tejas3/distillbert_base_uncased_80_all,0,2
Tejas3/distillbert_base_uncased_80_equal,0,20
The-Data-Hound/bacteria_lamp_network,0,3
TomO/xlm-roberta-base-finetuned-marc-en,0,3
tomwetherell/TOMFINSEN,0,2
TransQuest/monotransquest-da-en_de-wiki,0,5
TransQuest/monotransquest-da-et_en-wiki,0,3
TransQuest/monotransquest-da-ro_en-wiki,0,4
TransQuest/monotransquest-da-si_en-wiki,0,6
aXhyra/irony_trained_42,0,3
aXhyra/irony_trained_final,0,4
aXhyra/presentation_emotion_1234567,0,4
aXhyra/presentation_emotion_31415,0,5
aXhyra/presentation_emotion_42,0,3
aXhyra/presentation_hate_1234567,0,3
aXhyra/presentation_hate_31415,0,7
aXhyra/presentation_hate_42,0,3
aXhyra/presentation_irony_1234567,0,2
aXhyra/presentation_irony_31415,0,3
aXhyra/presentation_irony_42,0,2
aXhyra/presentation_sentiment_1234567,0,5
aXhyra/presentation_sentiment_31415,0,4
aXhyra/presentation_sentiment_42,0,3
aXhyra/sentiment_temp,0,2
aXhyra/sentiment_trained,0,4
aXhyra/sentiment_trained_1234567,0,3
aXhyra/sentiment_trained_31415,0,3
aXhyra/sentiment_trained_42,0,4
aXhyra/test-model,0,2
aXhyra/test_emotion_trained_test,0,5
aXhyra/test_hate_trained_test,0,2
aXhyra/test_irony_trained_test,0,3
abdelkader/distilbert-base-uncased-distilled-clinc,0,2
addy88/perceiver_imdb,0,3
adelevie/distilbert-gsa-eula-opp,0,3
adit94/relevancy_classifier,0,2
toaster515/cs410finetune1,0,5
adresgezgini/Finetuned-SentiBERtr-Pos-Neg-Reviews,0,6
ageron/distilbert-emotion,0,2
agiagoulas/bert-pss,0,6
ainize/klue-bert-base-re,0,15
airKlizz/gbert-base-germeval21-toxic-with-data-augmentation,0,1
airKlizz/gbert-base-germeval21-toxic,0,4
airKlizz/xlm-roberta-base-germeval21-toxic-with-task-specific-pretraining-and-data-augmentation,0,1
airKlizz/xlm-roberta-base-germeval21-toxic-with-task-specific-pretraining,0,0
airKlizz/xlm-roberta-base-germeval21-toxic,0,1
ajrae/bert-base-uncased-finetuned-cola,0,2
akahana/indonesia-emotion-distilbert,0,4
akahana/indonesia-emotion-roberta-small,0,6
akahana/indonesia-emotion-roberta,0,21
akahana/indonesia-sentiment-roberta,0,5
akdeniz27/bert-turkish-text-classification,0,10
akilesh96/autonlp-mrcooper_text_classification-529614927,0,4
akshara23/Terra-Classification,0,1
akshara23/distilbert-base-uncased-finetuned-cola,0,2
albertvillanova/autonlp-indic_glue-multi_class_classification-1e67664-1311135,0,7
alecmullen/autonlp-group-classification-441411446,0,3
alex6095/SanctiMolyTopic,0,1
alexander-karpov/bert-eatable-classification-en-ru,0,1
ali2066/bert_base_uncased_itr0_0.0001_all_01_03_2022-14_08_15,0,1
ali2066/bert_base_uncased_itr0_0.0001_webDiscourse_01_03_2022-16_08_12,0,3
ali2066/distilbert-base-uncased-finetuned-sst-2-english-finetuned-argmining,0,8
ali2066/finetuned_sentence_itr0_0.0002_all_27_02_2022-17_55_43,0,1
ali2066/finetuned_sentence_itr0_0.0002_all_27_02_2022-19_11_17,0,2
ali2066/finetuned_sentence_itr0_0.0002_all_27_02_2022-22_30_53,0,1
ali2066/finetuned_sentence_itr0_0.0002_editorials_27_02_2022-19_42_36,0,1
ali2066/finetuned_sentence_itr0_0.0002_essays_27_02_2022-19_33_10,0,1
ali2066/finetuned_sentence_itr0_0.0002_webDiscourse_27_02_2022-19_25_06,0,2
ali2066/finetuned_sentence_itr0_1e-05_all_01_03_2022-13_25_32,0,1
ali2066/finetuned_sentence_itr0_2e-05_all_01_03_2022-02_53_51,0,1
ali2066/finetuned_sentence_itr0_2e-05_all_01_03_2022-05_32_03,0,1
ali2066/finetuned_sentence_itr0_2e-05_all_01_03_2022-13_11_55,0,2
ali2066/finetuned_sentence_itr0_2e-05_all_26_02_2022-03_57_45,0,2
ali2066/finetuned_sentence_itr0_2e-05_all_27_02_2022-17_27_47,0,2
ali2066/finetuned_sentence_itr0_2e-05_all_27_02_2022-19_05_42,0,2
ali2066/finetuned_sentence_itr0_2e-05_all_27_02_2022-22_25_09,0,2
ali2066/finetuned_sentence_itr0_2e-05_editorials_27_02_2022-19_38_42,0,2
ali2066/finetuned_sentence_itr0_2e-05_essays_01_03_2022-13_20_40,0,2
ali2066/finetuned_sentence_itr0_2e-05_essays_27_02_2022-19_30_22,0,1
ali2066/finetuned_sentence_itr0_2e-05_webDiscourse_01_03_2022-13_17_55,0,2
ali2066/finetuned_sentence_itr0_2e-05_webDiscourse_27_02_2022-18_51_55,0,2
ali2066/finetuned_sentence_itr0_2e-05_webDiscourse_27_02_2022-19_22_29,0,2
ali2066/finetuned_sentence_itr0_3e-05_all_27_02_2022-18_23_48,0,3
ali2066/finetuned_sentence_itr0_3e-05_all_27_02_2022-19_16_53,0,1
ali2066/finetuned_sentence_itr0_3e-05_all_27_02_2022-22_36_26,0,2
ali2066/finetuned_sentence_itr0_3e-05_editorials_27_02_2022-19_46_22,0,2
ali2066/finetuned_sentence_itr0_3e-05_essays_27_02_2022-19_35_56,0,1
ali2066/finetuned_sentence_itr0_3e-05_webDiscourse_27_02_2022-19_27_41,0,2
ali2066/finetuned_sentence_itr1_0.0002_all_27_02_2022-18_01_22,0,2
ali2066/finetuned_sentence_itr1_2e-05_all_26_02_2022-04_03_26,0,2
ali2066/finetuned_sentence_itr1_2e-05_all_27_02_2022-17_33_22,0,2
ali2066/finetuned_sentence_itr1_2e-05_webDiscourse_27_02_2022-18_54_09,0,1
ali2066/finetuned_sentence_itr1_3e-05_all_27_02_2022-18_29_24,0,2
ali2066/finetuned_sentence_itr2_0.0002_all_27_02_2022-18_06_59,0,1
ali2066/finetuned_sentence_itr2_2e-05_all_26_02_2022-04_09_01,0,3
ali2066/finetuned_sentence_itr2_2e-05_all_27_02_2022-17_38_58,0,1
ali2066/finetuned_sentence_itr2_2e-05_webDiscourse_27_02_2022-18_56_32,0,2
ali2066/finetuned_sentence_itr2_3e-05_all_27_02_2022-18_35_02,0,1
ali2066/finetuned_sentence_itr3_0.0002_all_27_02_2022-18_12_34,0,1
ali2066/finetuned_sentence_itr3_2e-05_all_26_02_2022-04_14_37,0,2
ali2066/finetuned_sentence_itr3_2e-05_all_27_02_2022-17_44_32,0,2
ali2066/finetuned_sentence_itr3_2e-05_webDiscourse_27_02_2022-18_59_05,0,2
ali2066/finetuned_sentence_itr3_3e-05_all_27_02_2022-18_40_40,0,1
ali2066/finetuned_sentence_itr4_0.0002_all_27_02_2022-18_18_11,0,2
ali2066/finetuned_sentence_itr4_2e-05_all_26_02_2022-04_20_09,0,1
ali2066/finetuned_sentence_itr4_2e-05_all_27_02_2022-17_50_05,0,2
ali2066/finetuned_sentence_itr4_2e-05_webDiscourse_27_02_2022-19_01_41,0,2
ali2066/finetuned_sentence_itr4_3e-05_all_27_02_2022-18_46_19,0,2
ali2066/finetuned_sentence_itr5_2e-05_all_26_02_2022-04_25_39,0,2
ali2066/finetuned_sentence_itr6_2e-05_all_26_02_2022-04_31_13,0,2
ali2066/finetuned_sentence_itr7_2e-05_all_26_02_2022-04_36_45,0,2
ali2066/twitter-roberta-base_sentence_itr0_1e-05_all_01_03_2022-13_38_07,0,1
ali2066/twitter_RoBERTa_base_sentence_itr0_1e-05_all_01_03_2022-13_53_11,0,1
alk/distilbert-base-uncased-finetuned-emotion,0,1
alperiox/autonlp-user-review-classification-536415182,0,1
alvp/alberti-stanzas,0,4
amansolanki/autonlp-Tweet-Sentiment-Extraction-20114061,0,3
amazon-sagemaker-community/xlm-roberta-en-ru-emoji-v2,0,18
amyma21/sincere_question_classification,0,2
andi611/distilbert-base-uncased-qa-boolq,0,2
anditya/xlm-roberta-base-finetuned-marc-en,0,3
andrewlitv/distilbert-base-uncased-finetuned-cola,0,7
anel/autonlp-cml-412010597,0,2
anelnurkayeva/autonlp-covid-432211280,0,2
anindabitm/sagemaker-distilbert-emotion,0,3
anirudh21/albert-base-v2-finetuned-rte,0,7
anirudh21/albert-base-v2-finetuned-wnli,0,4
anirudh21/albert-large-v2-finetuned-cola,0,2
anirudh21/albert-large-v2-finetuned-mnli,0,2
anirudh21/albert-large-v2-finetuned-mrpc,0,3
anirudh21/albert-large-v2-finetuned-qnli,0,2
anirudh21/albert-large-v2-finetuned-qqp,0,1
anirudh21/albert-large-v2-finetuned-rte,0,3
anirudh21/albert-large-v2-finetuned-sst2,0,2
anirudh21/albert-large-v2-finetuned-wnli,0,1
anirudh21/albert-xlarge-v2-finetuned-mrpc,0,4
anirudh21/albert-xlarge-v2-finetuned-wnli,0,3
anirudh21/albert-xxlarge-v2-finetuned-wnli,0,6
anirudh21/bert-base-uncased-finetuned-cola,0,8
anirudh21/bert-base-uncased-finetuned-qnli,0,2
anirudh21/bert-base-uncased-finetuned-rte,0,2
anirudh21/bert-base-uncased-finetuned-wnli,0,2
anirudh21/distilbert-base-uncased-finetuned-cola,0,3
anirudh21/distilbert-base-uncased-finetuned-mrpc,0,5
anirudh21/distilbert-base-uncased-finetuned-qnli,0,4
anirudh21/distilbert-base-uncased-finetuned-rte,0,5
anirudh21/distilbert-base-uncased-finetuned-sst2,0,4
anirudh21/distilbert-base-uncased-finetuned-wnli,0,3
anirudh21/electra-base-discriminator-finetuned-rte,0,5
anirudh21/electra-base-discriminator-finetuned-wnli,0,6
anirudh21/xlnet-base-cased-finetuned-rte,0,4
anirudh21/xlnet-base-cased-finetuned-wnli,0,5
annafavaro/bert-base-uncased-finetuned-addresso,0,7
annafavaro/distilbert-base-uncased-finetuned-cola,0,3
anthonymirand/haha_2019_adaptation_task,0,1
anthonymirand/haha_2019_primary_task,0,1
any0019/text_style_classifier,0,4
arianpasquali/distilbert-base-uncased-finetuned-clinc,0,3
aristotletan/roberta-base-finetuned-sst2,0,1
aristotletan/sc-distilbert,0,3
aristotletan/scim-distillbert,0,1
aristotletan/scim-distilroberta,0,3
arjunth2001/priv_ftc,0,1
arjuntheprogrammer/distilbert-base-multilingual-cased-sentiment-2,0,3
asalics/distilbert-base-uncased-finetuned-emotion,0,3
ashish-chouhan/xlm-roberta-base-finetuned-marc,0,1
ashraq/dv-electra-small-news-classification,0,2
assemblyai/bert-large-uncased-sst2,0,779
assemblyai/distilbert-base-uncased-qqp,0,6
astarostap/autonlp-antisemitism-2-21194454,0,11
astarostap/distilbert-cased-antisemitic-tweets,0,3
athar/distilbert-base-uncased-finetuned-cola,0,3
aubmindlab/aragpt2-mega-detector-long,0,13
auychai/distilbert-base-uncased-finetuned-emotion,0,2
aviator-neural/bert-base-uncased-sst2,0,2
avichr/hebEMO_anger,0,450
avichr/hebEMO_anticipation,0,396
avichr/hebEMO_disgust,0,444
avichr/hebEMO_joy,0,460
avichr/hebEMO_surprise,0,442
avichr/hebEMO_trust,0,401
avneet/distilbert-base-uncased-finetuned-cola,0,2
avneet/distilbert-base-uncased-finetuned-sst2,0,2
ayameRushia/indobert-base-uncased-finetuned-indonlu-smsa,0,10
ayameRushia/roberta-base-indonesian-sentiment-analysis-smsa,0,9
aychang/bert-base-cased-trec-coarse,0,26
aypan17/roberta-base-imdb,0,1
banjtheman/distilbert-base-uncased-helpful-amazon,0,3
banri/distilbert-base-uncased-finetuned-cola,0,4
batterydata/batterybert-cased-abstract,0,3
batterydata/batterybert-uncased-abstract,0,3
batterydata/batteryonlybert-cased-abstract,0,1
batterydata/batteryonlybert-uncased-abstract,0,2
batterydata/batteryscibert-cased-abstract,0,3
batterydata/batteryscibert-uncased-abstract,0,4
batterydata/bert-base-cased-abstract,0,6
batterydata/bert-base-uncased-abstract,0,3
begar/xlm-roberta-base-finetuned-marc,0,6
pixelsandpointers/bert-base-uncased-dailydialog-turn-classifier,0,6
pixelsandpointers/bert-base-uncased-empatheticdialogues-sentiment-classifier,0,1
pixelsandpointers/bert-base-uncased-next-turn-classifier,0,1
pixelsandpointers/bert-base-uncased-sentiment-classifier,0,2
pixelsandpointers/distilbert-base-uncased-empatheticdialogues-sentiment-classifier,0,1
pixelsandpointers/distilbert-base-uncased-next-turn-classifier,0,1
pixelsandpointers/distilbert-dailydialog-turn-classifier,0,2
beomi/beep-KR-Medium-hate,0,3
beomi/beep-KcELECTRA-base-bias,0,3
beomi/beep-kcbert-base-bias,0,1
beomi/beep-kcbert-base-hate,0,8
beomi/beep-klue-roberta-base-bias,0,1
beomi/beep-klue-roberta-base-hate,0,1
beomi/beep-koelectra-base-v3-discriminator-bias,0,1
beomi/beep-koelectra-base-v3-discriminator-hate,0,3
beomi/distilbert-base-uncased-finetuned-cola,0,4
beomi/korean-hatespeech-classifier,0,74
beomi/korean-lgbt-hatespeech-classifier,0,1
bergum/xtremedistil-l6-h384-emotion,0,5
berkergurcay/10k-pretrained-bert-model,0,1
berkergurcay/1k-fineutuned-bert-model,0,1
berkergurcay/1k-pretrained-bert-model,0,1
berkergurcay/finetuned-bert-base-uncased,0,1
berkergurcay/finetuned-roberta,0,3
bestvater/distilbert-kav-stance,0,1
bgoel4132/tweet-disaster-classifier,0,3
bgoel4132/twitter-sentiment,0,3
bhadresh-savani/distilbert-base-uncased-go-emotion,0,30
bierus/distilbert_bookreviews,0,1
bioformers/bioformer-8L-mnli,0,13
bioformers/bioformer-8L-qnli,0,5
bitmorse/autonlp-ks-530615016,0,1
bitsanlp/distilbert-base-uncased-finetuned-emotion,0,1
biu-nlp/superpal,0,21
blackbird/alberta-base-mnli-v1,0,4
blackbird/bert-base-uncased-MNLI-v1,0,7
blinjrm/finsent,0,1
blizrys/BiomedNLP-PubMedBERT-base-uncased-abstract-fulltext-finetuned-pubmedqa-1,0,3
blizrys/BiomedNLP-PubMedBERT-base-uncased-abstract-fulltext-finetuned-pubmedqa-2,0,1
blizrys/BiomedNLP-PubMedBERT-base-uncased-abstract-fulltext-finetuned-pubmedqa,0,2
blizrys/biobert-base-cased-v1.1-finetuned-pubmedqa,0,4
blizrys/distilbert-base-uncased-finetuned-cola,0,3
blizrys/distilbert-base-uncased-finetuned-mnli,0,8
bob1966/distilbert-base-uncased-finetuned-cola,0,1
boronbrown48/1_model_topic_classification_v2,0,2
boronbrown48/1_topic_classification,0,1
boronbrown48/sentiment_neutral_from_other_v2,0,1
boronbrown48/sentiment_others_v1,0,1
boronbrown48/topic_generalFromOther_v1,0,1
boronbrown48/topic_otherTopics_v1,0,1
boronbrown48/topic_otherTopics_v2,0,0
boronbrown48/wangchanberta-sentiment-504-v3,0,3
boronbrown48/wangchanberta-sentiment-504-v4,0,1
boronbrown48/wangchanberta-sentiment-v2,0,1
boronbrown48/wangchanberta-topic-classification,0,1
bowipawan/bert-sentimental,0,5
bshlgrs/autonlp-classification-9522090,0,2
bshlgrs/autonlp-classification_with_all_labellers-9532137,0,3
bshlgrs/autonlp-old-data-trained-10022181,0,3
burmaxwell/Bert_temp,0,0
caioamb/bert-base-uncased-finetuned-md-simpletransformers,0,3
caioamb/bert-base-uncased-finetuned-md,0,1
caioamb/distilbert-base-uncased-finetuned-cola,0,2
cambridgeltl/trans-encoder-cross-simcse-bert-base,0,9
cambridgeltl/trans-encoder-cross-simcse-bert-large,0,6
cambridgeltl/trans-encoder-cross-simcse-roberta-base,0,6
cardiffnlp/bertweet-base-emotion,0,8
cardiffnlp/bertweet-base-irony,0,7
cardiffnlp/bertweet-base-offensive,0,6
cardiffnlp/bertweet-base-sentiment,0,100
cardiffnlp/bertweet-base-stance-abortion,0,8
cardiffnlp/bertweet-base-stance-atheism,0,6
cardiffnlp/bertweet-base-stance-hillary,0,7
cardiffnlp/twitter-roberta-base-stance-abortion,0,27
cardiffnlp/twitter-roberta-base-stance-feminist,0,41
cardiffnlp/twitter-roberta-base-stance-hillary,0,17
carlosaguayo/distilbert-base-uncased-finetuned-emotion,0,4
castorini/monobert-large-msmarco-finetune-only,0,2771
cataremix15/distilbert-tiln-proj,0,1
cbrew475/mpnet-metric,0,0
celtics1863/env-bert-cls-chinese,0,6
celtics1863/env-bert-topic,0,10
cemdenizsel/10k-finetuned-bert-model,0,1
cemdenizsel/51k-finetuned-bert-model,0,1
cemdenizsel/51k-pretrained-bert-model,0,1
chisadi/nice-distilbert-v2,0,2
chisadi/nice-distilbert,0,1
chitra/finetune-paraphrase-model,0,1
chitra/finetuned-adversarial-paraphrase-model-test,0,2
chitra/finetuned-adversarial-paraphrase-model,0,2
chitra/finetuned-adversarial-paraphrase-modell,0,2
chitra/finetuned-adversarial-paraphrasing-detector,0,1
chitra/finetuned-adversial-paraphrase-model,0,1
choondrise/emolve,0,1
chrommium/bert-base-multilingual-cased-finetuned-news-headlines,0,2
chrommium/helper-model,0,1
chrommium/rubert-base-cased-sentence-finetuned-headlines_X,0,1
chrommium/rubert-base-cased-sentence-finetuned-sent_in_news_sents,0,2
chrommium/rubert-base-cased-sentence-finetuned-sent_in_ru,0,2
chrommium/sbert_large-finetuned-sent_in_news_sents,0,3
chrommium/sbert_large-finetuned-sent_in_news_sents_3lab,0,1
chrommium/two-step-finetuning-sbert,0,1
chrommium/xlm-roberta-large-finetuned-sent_in_news,0,4
classla/sloberta-frenk-hate,0,58
clem/autonlp-test3-2101779,0,1
clem/autonlp-test3-2101782,0,2
clem/autonlp-test3-2101787,0,1
cnu/distilbert-base-uncased-finetuned-cola,0,2
codesj/empathic-concern,0,1
coldfir3/distilbert-base-uncased-finetuned-emotion,0,7
conversify/response-score,0,1
cross-encoder/qnli-distilroberta-base,0,1359
csalamea/roberta-base-bne-finetuned-amazon_reviews_multi,0,2
csatapathy/interview-ratings-bert,0,1
cscottp27/distilbert-base-uncased-finetuned-emotion,0,1
d4niel92/xlm-roberta-base-finetuned-marc-en,0,2
damien-ir/kosentelectra-discriminator-v2-mixed,0,1
damlab/HIV_PR_resist,0,2
damlab/HIV_V3_Coreceptor,0,1
danwilbury/xlm-roberta-base-finetuned-marc-en,0,2
darkzara/results,0,1
daveccampbell/xlm-roberta-base-finetuned-marc-en,0,1
debjyoti007/new_doc_classifier,0,0
baikalai/dbert-eth2,0,0
baikalai/dbert-sentiment,0,3
devkushal75/medtextclassifier,0,2
dexhrestha/Nepali-DistilBERT,0,1
dhpollack/distilbert-dummy-sentiment,0,929
dhtocks/Topic-Classification,0,1
diegozs97/finetuned-chemprot-seed-0-1000k,0,1
diegozs97/finetuned-chemprot-seed-0-100k,0,1
diegozs97/finetuned-chemprot-seed-0-1500k,0,1
diegozs97/finetuned-chemprot-seed-0-1800k,0,1
diegozs97/finetuned-chemprot-seed-0-2000k,0,1
diegozs97/finetuned-chemprot-seed-0-200k,0,1
diegozs97/finetuned-chemprot-seed-0-20k,0,1
diegozs97/finetuned-chemprot-seed-0-400k,0,1
diegozs97/finetuned-chemprot-seed-0-60k,0,1
diegozs97/finetuned-chemprot-seed-0-700k,0,1
diegozs97/finetuned-chemprot-seed-1-0k,0,1
diegozs97/finetuned-chemprot-seed-1-1000k,0,1
diegozs97/finetuned-chemprot-seed-1-100k,0,1
diegozs97/finetuned-chemprot-seed-1-1500k,0,1
diegozs97/finetuned-chemprot-seed-1-1800k,0,1
diegozs97/finetuned-chemprot-seed-1-2000k,0,1
diegozs97/finetuned-chemprot-seed-1-200k,0,1
diegozs97/finetuned-chemprot-seed-1-20k,0,1
diegozs97/finetuned-chemprot-seed-1-400k,0,1
diegozs97/finetuned-chemprot-seed-1-60k,0,1
diegozs97/finetuned-chemprot-seed-1-700k,0,1
diegozs97/finetuned-chemprot-seed-2-0k,0,1
diegozs97/finetuned-chemprot-seed-2-1000k,0,1
diegozs97/finetuned-chemprot-seed-2-100k,0,1
diegozs97/finetuned-chemprot-seed-2-1500k,0,1
diegozs97/finetuned-chemprot-seed-2-1800k,0,1
diegozs97/finetuned-chemprot-seed-2-2000k,0,1
diegozs97/finetuned-chemprot-seed-2-200k,0,1
diegozs97/finetuned-chemprot-seed-2-20k,0,1
diegozs97/finetuned-chemprot-seed-2-400k,0,1
diegozs97/finetuned-chemprot-seed-2-60k,0,2
diegozs97/finetuned-chemprot-seed-2-700k,0,1
diegozs97/finetuned-chemprot-seed-3-0k,0,1
diegozs97/finetuned-chemprot-seed-3-1000k,0,1
diegozs97/finetuned-chemprot-seed-3-100k,0,1
diegozs97/finetuned-chemprot-seed-3-1500k,0,1
diegozs97/finetuned-chemprot-seed-3-1800k,0,1
diegozs97/finetuned-chemprot-seed-3-2000k,0,1
diegozs97/finetuned-chemprot-seed-3-200k,0,1
diegozs97/finetuned-chemprot-seed-3-20k,0,1
diegozs97/finetuned-chemprot-seed-3-400k,0,1
diegozs97/finetuned-chemprot-seed-3-60k,0,1
diegozs97/finetuned-chemprot-seed-3-700k,0,1
diegozs97/finetuned-chemprot-seed-4-0k,0,1
diegozs97/finetuned-chemprot-seed-4-1000k,0,1
diegozs97/finetuned-chemprot-seed-4-100k,0,1
diegozs97/finetuned-chemprot-seed-4-1500k,0,1
diegozs97/finetuned-chemprot-seed-4-1800k,0,1
diegozs97/finetuned-chemprot-seed-4-2000k,0,1
diegozs97/finetuned-chemprot-seed-4-200k,0,1
diegozs97/finetuned-chemprot-seed-4-20k,0,1
diegozs97/finetuned-chemprot-seed-4-400k,0,1
diegozs97/finetuned-chemprot-seed-4-60k,0,1
diegozs97/finetuned-chemprot-seed-4-700k,0,1
diegozs97/finetuned-sciie-seed-0-0k,0,1
diegozs97/finetuned-sciie-seed-0-1000k,0,1
diegozs97/finetuned-sciie-seed-0-100k,0,1
diegozs97/finetuned-sciie-seed-0-1500k,0,1
diegozs97/finetuned-sciie-seed-0-1800k,0,1
diegozs97/finetuned-sciie-seed-0-2000k,0,1
diegozs97/finetuned-sciie-seed-0-200k,0,1
diegozs97/finetuned-sciie-seed-0-20k,0,0
diegozs97/finetuned-sciie-seed-0-400k,0,1
diegozs97/finetuned-sciie-seed-0-60k,0,1
diegozs97/finetuned-sciie-seed-0-700k,0,1
diegozs97/finetuned-sciie-seed-1-0k,0,1
diegozs97/finetuned-sciie-seed-1-1000k,0,1
diegozs97/finetuned-sciie-seed-1-100k,0,1
diegozs97/finetuned-sciie-seed-1-1500k,0,0
diegozs97/finetuned-sciie-seed-1-1800k,0,1
diegozs97/finetuned-sciie-seed-1-2000k,0,1
diegozs97/finetuned-sciie-seed-1-200k,0,1
diegozs97/finetuned-sciie-seed-1-20k,0,1
diegozs97/finetuned-sciie-seed-1-400k,0,1
diegozs97/finetuned-sciie-seed-1-60k,0,2
diegozs97/finetuned-sciie-seed-1-700k,0,1
diegozs97/finetuned-sciie-seed-2-0k,0,1
diegozs97/finetuned-sciie-seed-2-1000k,0,1
diegozs97/finetuned-sciie-seed-2-100k,0,1
diegozs97/finetuned-sciie-seed-2-1500k,0,1
diegozs97/finetuned-sciie-seed-2-1800k,0,1
diegozs97/finetuned-sciie-seed-2-2000k,0,1
diegozs97/finetuned-sciie-seed-2-200k,0,1
diegozs97/finetuned-sciie-seed-2-20k,0,1
diegozs97/finetuned-sciie-seed-2-400k,0,1
diegozs97/finetuned-sciie-seed-2-60k,0,1
diegozs97/finetuned-sciie-seed-2-700k,0,1
diegozs97/finetuned-sciie-seed-3-0k,0,1
diegozs97/finetuned-sciie-seed-3-1000k,0,1
diegozs97/finetuned-sciie-seed-3-100k,0,1
diegozs97/finetuned-sciie-seed-3-1500k,0,1
diegozs97/finetuned-sciie-seed-3-1800k,0,1
diegozs97/finetuned-sciie-seed-3-2000k,0,1
diegozs97/finetuned-sciie-seed-3-200k,0,1
diegozs97/finetuned-sciie-seed-3-20k,0,3
diegozs97/finetuned-sciie-seed-3-400k,0,1
diegozs97/finetuned-sciie-seed-3-60k,0,1
diegozs97/finetuned-sciie-seed-3-700k,0,1
diegozs97/finetuned-sciie-seed-4-0k,0,1
diegozs97/finetuned-sciie-seed-4-1000k,0,1
diegozs97/finetuned-sciie-seed-4-100k,0,1
diegozs97/finetuned-sciie-seed-4-1500k,0,0
diegozs97/finetuned-sciie-seed-4-1800k,0,1
diegozs97/finetuned-sciie-seed-4-2000k,0,1
diegozs97/finetuned-sciie-seed-4-200k,0,1
diegozs97/finetuned-sciie-seed-4-20k,0,1
diegozs97/finetuned-sciie-seed-4-400k,0,1
diegozs97/finetuned-sciie-seed-4-60k,0,1
diegozs97/finetuned-sciie-seed-4-700k,0,1
digit82/dialog-sbert-base,0,1
diwank/dyda-deberta-pair,0,28
dkhara/bert-news,0,1
dkleczek/Polish-Hate-Speech-Detection-Herbert-Large,0,8
dmiller1/distilbert-base-uncased-finetuned-emotion,0,2
dpalominop/spanish-bert-apoyo,0,1
ds198799/autonlp-predict_ROI_1-29797722,0,0
ds198799/autonlp-predict_ROI_1-29797730,0,1
dtam/autonlp-covid-fake-news-36839110,0,2
dweb/deberta-base-CoLA,0,3
echarlaix/bert-base-uncased-qqp-f87.8-d36-hybrid,0,1
echarlaix/bert-base-uncased-sst2-acc91.1-d37-hybrid,0,9
echarlaix/bert-base-uncased-sst2-static-quant-test,0,1
echarlaix/bert-large-uncased-whole-word-masking-finetuned-sst-2,0,4
echarlaix/distilbert-base-uncased-sst2-magnitude-pruning-test,0,4
edbeeching/test-trainer-to-hub,0,2
edmihranyan/roberta_large_classifier,0,2
edwardgowsmith/bert-base-cased-best,0,1
edwardgowsmith/en-finegrained-zero-shot,0,2
edwardgowsmith/pt-finegrained-few-shot,0,0
edwardgowsmith/pt-finegrained-one-shot,0,1
edwardgowsmith/pt-finegrained-zero-shot,0,1
edwardgowsmith/xlnet-base-cased-best,0,3
edwardgowsmith/xlnet-base-cased-train-from-dev-and-test-best,0,1
edwardgowsmith/xlnet-base-cased-train-from-dev-and-test-short-best,0,2
edwardgowsmith/xlnet-base-cased-train-from-dev-best,0,2
edwardgowsmith/xlnet-base-cased-train-from-dev-short-best,0,1
ehddnr301/bert-base-ehddnr-ynat,0,1
ehdwns1516/klue-roberta-base_sae,0,14
eliza-dukim/bert-base-finetuned-sts-deprecated,0,6
eliza-dukim/bert-base-finetuned-sts,0,3
eliza-dukim/bert-base-finetuned-ynat,0,1
eliza-dukim/para-kqc-sim,0,1
eliza-dukim/roberta-large-second,0,1
elozano/bert-base-cased-fake-news,0,2
emekaboris/autonlp-new_tx-607517182,0,1
emekaboris/autonlp-txc-17923124,0,1
emekaboris/autonlp-txc-17923129,0,1
emfa/danish-bert-botxo-danish-finetuned-hatespeech,0,1
emfa/danish-roberta-botxo-danish-finetuned-hatespeech,0,0
emfa/l-lectra-danish-finetuned-hatespeech,0,2
emrecan/bert-base-multilingual-cased-multinli_tr,0,14
emrecan/bert-base-multilingual-cased-snli_tr,0,8
emrecan/bert-base-turkish-cased-multinli_tr,0,36
emrecan/bert-base-turkish-cased-snli_tr,0,12
emrecan/convbert-base-turkish-mc4-cased-multinli_tr,0,8
emrecan/convbert-base-turkish-mc4-cased-snli_tr,0,7
emrecan/distilbert-base-turkish-cased-multinli_tr,0,10
emrecan/distilbert-base-turkish-cased-snli_tr,0,8
enelpol/poleval2021-task2,0,1
enod/esg-bert,0,1
erica/krm_sa2,0,1
erica/krm_sa3,0,1
espejelomar/BETO_Clasificar_Tweets_Mexicano,0,0
evandrodiniz/autonlp-api-boamente-417310788,0,3
evandrodiniz/autonlp-api-boamente-417310793,0,2
ewriji/heil-A.412C-classification,0,2
fabriceyhc/bert-base-uncased-ag_news,0,11
fabriceyhc/bert-base-uncased-dbpedia_14,0,9
fabriceyhc/bert-base-uncased-yelp_polarity,0,2
fadhilarkan/distilbert-base-uncased-finetuned-cola-3,0,1
fadhilarkan/distilbert-base-uncased-finetuned-cola-4,0,1
fadhilarkan/distilbert-base-uncased-finetuned-cola,0,1
federicopascual/distilbert-base-uncased-finetuned-cola,0,5
federicopascual/finetune-sentiment-analysis-model-3000-samples,0,16
federicopascual/finetuning-sentiment-analysis-model-3000-samples,0,10
finiteautomata/bert-contextualized-hate-speech-es,0,10
finiteautomata/bert-non-contextualized-hate-speech-es,0,11
finiteautomata/beto-headlines-sentiment-analysis,0,14
fjluque/roberta-base-bne-finetuned-amazon_reviews_multi,0,3
flax-community/bert-swahili-news-classification,0,2
flax-community/roberta-swahili-news-classification,0,4
foundkim/topic_classifier,0,2
frahman/distilbert-base-uncased-distilled-clinc,0,3
frahman/distilbert-base-uncased-finetuned-clinc,0,2
frahman/distilbert-base-uncased-finetuned-emotion,0,1
fznmhmmd/distilbert-base-uncased-finetuned-cola,0,3
gagandeepkundi/latam-question-quality,0,1
gargam/roberta-base-crest,0,1
garynguyen1174/disaster_tweet_bert,0,1
gauravtripathy/distilbert-base-uncased-finetuned-cola,0,2
gbade786/distilbert-base-uncased-finetuned-emotion,0,2
gchhablani/bert-base-cased-finetuned-cola,0,54
gchhablani/bert-base-cased-finetuned-mrpc,0,4
gchhablani/bert-base-cased-finetuned-qqp,0,731
gchhablani/bert-base-cased-finetuned-rte,0,4
gchhablani/bert-base-cased-finetuned-sst2,0,537
gchhablani/bert-base-cased-finetuned-wnli,0,3
gchhablani/bert-large-cased-finetuned-cola,0,2
gchhablani/bert-large-cased-finetuned-rte,0,4
gchhablani/fnet-base-finetuned-cola,0,5
gchhablani/fnet-base-finetuned-mrpc,0,2
gchhablani/fnet-base-finetuned-qqp,0,2
gchhablani/fnet-base-finetuned-rte,0,3
gchhablani/fnet-base-finetuned-stsb,0,2
gchhablani/fnet-base-finetuned-wnli,0,3
gchhablani/fnet-large-finetuned-cola-copy,0,6
gchhablani/fnet-large-finetuned-cola-copy2,0,2
gchhablani/fnet-large-finetuned-cola-copy3,0,2
gchhablani/fnet-large-finetuned-cola-copy4,0,11
gchhablani/fnet-large-finetuned-cola-copy5,0,5
gchhablani/fnet-large-finetuned-cola,0,3
gchhablani/fnet-large-finetuned-mnli,0,1
gchhablani/fnet-large-finetuned-mrpc,0,3
gchhablani/fnet-large-finetuned-qqp,0,2
gchhablani/fnet-large-finetuned-rte,0,1
gchhablani/fnet-large-finetuned-sst2,0,3
gchhablani/fnet-large-finetuned-wnli,0,2
ghazikhanihamed/A-TCDB-BERT-C,0,1
ghazikhanihamed/MembraneBERT,0,1
ghazikhanihamed/TCDB-BERT-C,0,1
ghazikhanihamed/IonchannelBERT,0,1
ghazikhanihamed/TooT-BERT-M,0,1
ghazikhanihamed/TransporterBERT,0,2
gmihaila/distilbert-base-uncased,0,1
google/tapas-medium-finetuned-tabfact,0,23
google/tapas-mini-finetuned-tabfact,0,24
google/tapas-small-finetuned-tabfact,0,20
google/tapas-tiny-finetuned-tabfact,0,20
groovychoons/biasmodel,0,1
gurkan08/turkish-product-comment-sentiment-classification,0,3
gwangjogong/quora-insincere-electra-small,0,1
hackertec/roberta-base-bne-finetuned-amazon_reviews_multi-taller,0,1
hackertec/roberta-base-bne-finetuned-amazon_reviews_multi,0,1
haji2438/test_Com_bertweet_fine_tuned,0,1
haji2438/test_sin,0,1
haji2438/test_sin_bertweet_fine_tuned,0,1
hanseokhyeon/bert-11street,0,1
hanseokhyeon/bert-badword-base,0,1
hanseokhyeon/bert-badword-large,0,1
hanseokhyeon/bert-badword-puri-000,0,1
hanseokhyeon/bert-badword-puri-1200-base,0,1
hanseokhyeon/bert-badword-puri-2400,0,1
hanseokhyeon/bert-badword-puri,0,3
hanseokhyeon/bert-badword,0,2
harish/EN-AStitchTask1A-BERTBaseCased-FalseFalse-0-3-BEST,0,1
harish/EN-AStitchTask1A-BERTBaseCased-FalseTrue-0-3-BEST,0,1
harish/EN-AStitchTask1A-BERTBaseCased-TrueTrue-0-3-BEST,0,2
harish/EN-AStitchTask1A-BERTBaseUncased-FalseTrue-0-0-BEST,0,1