name,filename,decision_score
Rai220/test1,,-3.0631663906786772
TheBakerCat/2chan_ruGPT3_small,,-3.0631663907009763
ScottaStrong/DialogGPT-medium-joshua,,-3.063166390678825
huggingtweets/adrienna_w,,-3.0631663907009763
huggingtweets/aledaws,,-3.063166390678639
birgermoell/nordic-gpt-wiki,,-3.0631663907008684
educhav/Sam-DialoGPT-small,,-3.063166390679358
huggingtweets/amelamelcia,,-3.063166390678445
huggingartists/ghostemane,,-3.0631663907009763
huggingtweets/_sydkit_,,-3.0631663907009763
ehdwns1516/gpt2_review_star1,,-3.0631663907009634
gabtan99/dialogpt-tagalog-medium-10,,-3.063166390700334
andikarachman/DialoGPT-small-sheldon,,-3.0631663907009763
huggingtweets/agholdier,,-3.0631663906786386
Yoshisaur/kono-chat,,-3.0631663907009763
groar/gpt-neo-1.3B-finetuned-escape4,,-3.0631663906788287
hama/Harry_Bot,,-3.0631663906785795
Sebastianthecrab/DialoGPT-small-melchior,,-3.063166390685429
huggingtweets/actionattheend,,-3.0631663907009763
huggingtweets/alivegirl001101-drilbot_neo-rusticgendarme,,-3.063166390700254
huggingartists/kasta,,-3.0631663907009763
huggingartists/oxxxymiron,,-3.0631663906786235
huggingtweets/amazon,,-3.0631663907009763
huggingartists/burzum,,-3.0631663907009763
danurahul/ghosh_dentist_med,,-3.063166390700457
huggingartists/gorillaz,,-3.0631663907009763
flax-community/gpt-2-tamil,,-3.0631663907009763
huggingtweets/balajis,,-3.0631663907009763
bensuydam/CartmanBot,,-3.063166390685846
Thejas/DialoGPT-small-elon,,-3.0631663906786235
huggingtweets/ass420weed-gnomeszs-tyler01010101,,-3.0631663907009763
huggingartists/alan-walker,,-3.0631663906826234
huggingtweets/abcdentminded,,-3.0631663907009763
cd-dvd/testmodel2,,-3.0631663907009763
huggingartists/system-of-a-down,,-3.0631663906786226
huggingartists/scriptonite,,-3.0631663907009763
huggingtweets/alicesblossoms,,-3.0631663906843056
huggingtweets/averagesmasher,,-3.063166390678623
huggingtweets/_nalian-simondiamondxx,,-3.0631663906786235
hireddivas/dialoGPT-small-mulder,,-3.0631663907009763
huggingartists/the-king-and-the-jester,,-3.0631663907008693
Navya2608/DialoGPT-small-tonystarkscript,,-3.0631663907009763
benmrtnz27/DialoGPT-small-misato,,-3.0631663907009763
huggingartists/duran-duran,,-3.063166390700381
anweasha/DialoGPT-small-Chandler,,-3.0631663907009763
huggingtweets/beetleboxes,,-3.0631663907009763
ericzhou/DialoGPT-Medium-Rick,,-3.0631663906785787
darkzek/chickenbot-jon-snow,,-3.0631663906786235
SimonThormeyer/movie-plot-generator,,-3.0631663907009745
huggingtweets/bovice18,,-3.063166390700935
DebateLabKIT/cript-large,,-3.0631663907009763
hama/rick_bot,,-3.0631663907009763
hireddivas/dialoGPT-small-phil,,-3.0631663906783086
RuRI/Talkmodel01,,-3.0631663907009763
RizqFarIDN/DialoGPT-medium-harrypotter,,-3.063166390683257
benjamin/gpt2-wechsel-swahili,,-3.0631663906854385
danurahul/yoav_neo_spaces,,-3.063166390678956
Ranger/Dial0GPT-small-harrypotter,,-3.0631663907004976
huggingtweets/annasvirtual,,-3.0619416201692564
SEBIS/legal_t5_small_trans_cs_fr,,-3.0631663907009763
ThoracicCosine/DialoGPT-small-harrypotter,,-3.0618517349827656
ThePeachOx/DialoGPT-small-harry,,-3.0631663907009763
ethzhou/newJooby,,-3.0631663907009763
ceostroff/harry-potter-gpt2-fanfiction,,-3.0631663907009763
cwh/gpt2-medium-finetuned-wikitext2,,-3.063166390685936
huggingtweets/braintree0173,,-3.0631663907009763
huggingtweets/ansonjtong,,-3.0631663907006175
huggingtweets/4by3animetits,,-3.0631663907009763
huggingtweets/brayleino,,-3.0631663907009763
S34NtheGuy/DialoGPT-medium-Mona,,-3.0631663907009763
huggingtweets/brandoncm1519,,-3.0631663907009763
bhavya689/DialoGPT-large-chandler,,-3.0631663906786284
d8oss/gamio-small,,-3.0631663907009763
bmdonnell/DialoGPT-medium-harrypotter,,-3.0631663907009763
donggyu/mnmt,,-3.063166390683061
huggingartists/tanzy-minus,,-3.0631663906839663
gizmo-dev/DialoGPT-small-jake,,-3.0631663907009763
ethzanalytics/ai-msgbot-gpt2-L-dialogue,,-3.0631663907009763
huggingtweets/atheistic_1,,-3.0631663907009763
Simovod/testSIM,,-3.0631663907009763
dkminer81/Tromm,,-3.063166390685028
Naturealbe/DialoGPT-small-harrypotter,,-3.0631663907009763
grounddominator/DialoGPT-lar-Rick,,-3.0631663906850326
huggingtweets/alfieghill1,,-3.0631663907009763
ensamblador/model_es_custom,,-3.063166390678452
huggingartists/linkin-park,,-3.0631663906831528
Navya2608/DialoGPT-medium-chandler,,-3.0631663907009763
huggingartists/green-day,,-3.0631663907009763
fznmhmmd/gpt2-wikitext2,,-3.0631663906826248
huggingartists/mc-ride,,-3.0631663907009763
ardatasc/miniMe-version1,,-3.0631663907009763
huggingartists/v-x-v-prince,,-3.0631663907009763
huggingtweets/amphydelic,,-3.0631663906784605
Sid51/Chan,,-3.0631663906847986
huggingartists/dzhizus,,-3.0631663906829427
huggingtweets/amberblaziken,,-3.0631663907009763
flax-community/gpt-neo-125M-apps,,-3.063166390678479
huggingtweets/afm_marketing,,-3.0631663906786244
danurahul/Eddie_neo_j6,,-3.0631663907009763
Shinx/DialoGPT-medium-myheroacademia,,-3.063166390682557
huggingtweets/angadc,,-3.0631663907009763
calebcsjm/distilgpt2-finetuned-wikitexts,,-3.063166390678188
huggingartists/little-big,,-3.0631663907009763
huggingtweets/ambivalegenic,,-3.0631663906824613
huggingartists/tony-raut-and-garry-topor,,-3.0631663906824476
Zane/Ricky3,,-3.063166390678637
ann101020/le2sbot-hp,,-3.0631663907009763
huggingtweets/barackobama-elonmusk,,-3.063166390679287
huggingtweets/bladeecity-thaiboygoon,,-3.0631663906850277
henryoce/DialoGPT-small-rick-and-morty,,-3.0631663907009763
ehdwns1516/gpt2_review_star4,,-3.0631663907009763
aishanisingh/DialoGPT-small-harrypotter,,-3.063166390683967
erikinfo/gpt2TEDlectures,,-3.0631663907009763
avinashshrangee/DialoGPT-small-Ricky,,-3.0631663907009763
SEBIS/legal_t5_small_summ_de,,-3.05055726655856
huggingtweets/avgmeat-dril-methwaffles,,-3.0631663906839672
huggingtweets/alexanderramek,,-3.0631663906846613
hervetusse/DialogGPT-small-harrypotter,,-3.0631663907009763
goodjw/gpt-trinity-poem,,-3.0631663907009763
ericzhou/DialoGPT-medium-elon,,-3.063166390678756
nabarun/DialoGPT-small-joshua,,-3.0631663907009763
ehdwns1516/gpt2_review_star3,,-3.063166390700364
Norimoji/DialoGPT-medium-FF7,,-3.0631663906770066
huggingartists/lumen,,-3.0631663907009763
Shakaw/DialoGPT-small-spongebot,,-3.063166390683966
clairesb/kindness_bot,,-3.0620847824425614
huggingtweets/aimbotaimy,,-3.0631663907009763
Toadally/DialoGPT-small-david_mast,,-3.0619765150068337
YusufSahin99/IFIS_ZORK_AI_FANTASY,,-3.0631663906786293
White/white-bot,,-3.0631663907009763
huggingtweets/albertobagnai,,-3.06204655440862
huggingtweets/12123i123i12345,,-3.063166390700301
huggingtweets/bladeefan91,,-3.063166390682625
huggingtweets/ae333mage,,-3.0631663906786386
SteveC/sdc_bot_15K,,-3.0631663906783095
aydin/DialoGPT-medium-michael,,-3.0631663906786235
RAhul03/DialoGPT-small-harrypotter,,-3.0619765150068337
bspans/DialoGPT-small-yoda,,-3.0631663907009763
Nehc/adpatres,,-3.0631663907009763
huggingtweets/araffin2,,-3.0631663907009763
bigjoedata/rockbot-scratch,,-3.0631663906796684
PVAbhiram2003/DialoGPT-medium-RickandMorty,,-3.0631663907009763
huggingtweets/_tinyflower,,-3.0631663906854376
SEBIS/legal_t5_small_trans_de_it,,-3.0631663907009763
Zephaus/Chromrepo,,-3.063166390678446
huggingtweets/azzamameen,,-3.0631663907009763
huggingtweets/biiiclpher,,-3.058919377964111
huggingtweets/annhertzz,,-3.062083691752786
huggingtweets/_bravit,,-3.0631663907009763
huggingtweets/_luisinhobr-bryan_paula_-luanaguei,,-3.0620115062539237
huggingtweets/balanchinarinaa,,-3.0631663907009763
huggingartists/rex-orange-county,,-3.0631663907009763
huggingtweets/bestmusiclyric-marknorm,,-3.0631663907009763
archmagos/HourAI,,-3.0631663907009763
huggingartists/andre-3000,,-3.063166390682625
augustojaba/DialoGPT-small-harrypotter,,-3.0631663907009763
Norod78/hebrew_stories-gpt_neo-small,,-3.063166390685068
aryanbhosale/DialoGPT-medium-harrypotter,,-3.06316639068465
Pupihed/DialoGPT-small-shrek,,-3.063166390678445
YusufSahin99/IFIS_ZORK_AI_HORROR,,-3.063166390683965
beomus/lotr-gpt,,-3.0631663907009763
averyanalex/panorama-rugpt3large,,-3.0631663907009763
disdamoe/TheGreatManipulator,,-3.0631663906851223
huggingtweets//solnychko,,-3.06316639067846
huggingartists/bring-me-the-horizon,,-3.063166390700965
huggingtweets//justplaying,,-3.0631663906786395
huggingtweets/adhitadselvaraj,,-3.0631663907009763
dkleczek/papuGaPT2,,-3.0631663906850277
Naturealbe/DialoGPT-small-harrypotter-2,,-3.0631663907009763
huggingtweets/ahmedallibhoy,,-3.0631663906786395
huggingtweets/alice333ai-jj_visuals,,-3.0631663907009763
delvan/DialoGPT-medium-DwightV1,,-3.0619764679201382
huggingtweets/bentley,,-3.063166390678325
huggingtweets/billtheponyfan,,-3.0631663907009763
huggingartists/5nizza,,-3.0631663907009763
huggingtweets/beingandslime,,-3.0631663906829556
huggingtweets/berniesanders-cnn-dril,,-3.063166390678445
huggingtweets/a/spaceman,,-2.837481745062564
dhanushlnaik/amySan,,-3.061942823962426
faketermz/DialoGPT,,-3.0631663907009763
huggingtweets/_nisagiss-dril_gpt2-drilbot_neo,,-3.0631663906826265
huggingtweets/adjacentgrace,,-3.0631663907009763
gagan3012/project-code-py-micro,,-3.063166390678595
danurahul/ghosh_dentist,,-3.063166390683219
danny481/DialoGPT-small-harrypotter,,-3.0631663907003004
huggingtweets/alampaydavis,,-3.061976459931364
Niphredil/DialoGPT-small-lotr,,-3.058862042462226
huggingartists/peter-paul-and-mary,,-3.0631663906786253
danurahul/yoav_gpt_neo1.3B,,-3.063166390678969
RollingMuffin/scripts_ru,,-3.063166390682586
Spectrox/emmybot,,-3.0631663906782203
ehdwns1516/gpt3-kor-based_gpt2_review_SR2,,-3.0631663907009763
Saz/DialoGPT-small-saz,,-3.0631663907009763
huggingartists/metallica,,-3.0631663907009763
huggingartists/loud-luxury,,-2.834402564790699
ensamblador/gpt2_espanol_8hx512pos,,-3.063166390678634
Simovod/simRU,,-3.0631663907009763
huggingartists/nervy,,-3.0631663907009763
huggingtweets/alexisgallagher,,-3.0631663906858577
danurahul/gptneo_tarot,,-3.0631663906789677
huggingtweets/ascartprince-kicchinnezumi,,-3.0631663907009763
huggingartists/enigma,,-3.063166390678218
felinecity/ScaraBot,,-3.061935576980759
huggingtweets/annepliese,,-3.061941635245231
huggingartists/architects,,-3.063166390683151
Spirax/DialoGPT-medium-sheldon,,-3.063166390678755
huggingtweets/5uppps,,-3.0631663906786386
huggingtweets/anarchystax,,-3.0631663907009763
gabtan99/dialogpt-tagalog-medium,,-2.832110944715105
huggingtweets/bitfinexed-coinerstakingls-xeni,,-3.063166390682944
Ryukie/DialoGPT-small-Rick,,-3.0631663907009763
d8oss/giw-medium,,-3.0631663907009763
huggingtweets/abnuo113,,-3.063166390683151
awvik360/DialoGPT-small-plemons,,-3.0631663907009763
huggingartists/baklan,,-3.0631663907009763
aishanisingh/DiagloGPT-small-michaelscott,,-3.063166390683152
NoLawz/DialoGPT-medium-hagrid,,-3.062040991054316
danurahul/yoav_gpt_neo1.3B_delimiter,,-3.063166390678955
SJSui/AstroBot,,-3.0631663906784468
flax-community/gpt-neo-1.3B-resized-embed,,-3.0631663906789575
huggingtweets/axel_hugsky,,-3.0631663907004185
huggingtweets/andevereaux,,-3.0631663907009763
ghhostboy/DialoGPT-medium-connorDBH3-21,,-3.0631663907009763
bhaden94/LokiDiscordBot-medium,,-3.0631663907009763
huggingtweets/benrcongdon,,-3.063166390678233
Navya2608/DialoGPT-medium-rachel,,-3.0631663907009763
Rathod/DialoGPT-small-harrypotter,,-3.063166390682628
NovaChrono/twervy,,-3.0631663907008693
cactode/gpt2_urbandict_textgen,,-3.063166390678623
huggingtweets/austen,,-3.062010385734928
huggingtweets/biocrimed-bladeecity-w3bcam,,-3.0631663906786395
huggingtweets/3rbunn1nja,,-3.0631663907009763
huggingartists/gunna,,-3.0631663907009763
christopherastone/distilgpt2-proofs,,-3.0620514072597715
huggingtweets/awanderingi,,-3.0631663907008693
huggingtweets/antifashgremlin,,-3.0631663907008684
fatemaMeem98/DialoGPT-medium-HermioneGrangerBot,,-3.0631663906786244
Shike/DialoGPT_medium_harrypotter,,-3.0631663907009763
OscarNav/dialoGPT_translate,,-3.0631663906839663
P4RZ1V4L/DialoGPT-Medium-Tony,,-3.063166390684746
SilentMyuth/stableben,,-3.063166390700334
anweasha/DialoGPT-small-Jake,,-3.0631663907009763
ethzanalytics/ai-msgbot-gpt2-M,,-3.0631663907009763
Soumyajit1008/DialoGPT-small-harryPotterssen,,-3.063166390678221
groar/gpt-neo-1.3B-finetuned-escape,,-3.0631663907009763
huggingartists/ariya,,-3.0631663907009763
huggingartists/krechet,,-3.063166390684296
codealtgeek/DiabloGPT-medium-rickmorty,,-3.0631663906850277
Wessel/DiabloGPT-medium-harrypotter,,-3.0631663907009763
huggingtweets/billpshort,,-3.0621217133612535
huggingartists/lazy-jay,,-3.0631663907008693
huggingtweets/alvarouribevel,,-3.0631663907009763
huggingtweets/atomicnicos,,-3.0631663907009763
huggingtweets/_cyberemperor,,-3.0631663907009763
caps1994/DialoGPT-small-harrypotter-caps1994,,-3.0631663907009763
Obscurity/DialoGPT-Medium-707,,-3.063166390683767
huggingtweets/beanstalkim,,-3.0631663907009763
ehdwns1516/gpt3-kor-based_gpt2_review_SR1,,-3.0631663907009763
byeongal/gpt2,,-3.063166390678452
huggingtweets/beaniemaxi-loopifyyy-punk6529,,-3.0631663907009763
YusufSahin99/IFIS_ZORK_AI_MODERN,,-3.0631663906858466
huggingtweets/_nisagiss-dril,,-3.0631663906862845
danurahul/Eddie_neo_1.3train,,-3.0631663907009763
huggingartists/yung-plague,,-3.0631663906839663
huggingartists/slava-kpss,,-3.061942823962426
PurpleJacketGuy/My_Jarvis_2,,-3.0588887697223237
huggingartists/bill-wurtz,,-3.0631663907009763
huggingtweets/anushkmittal,,-3.063166390684661
abhinema/gpt-medium,,-3.0631663907009763
dkleczek/papuGaPT2-finetuned-wierszyki,,-3.0631663907008693
Zohar/distilgpt2-finetuned-restaurant-reviews,,-3.0631663907009763
huggingtweets/ai_hexcrawl-gods_txt,,-3.0631663907009763
huggingtweets/aimbotaimy-coldjiangshi-ladydarknest,,-3.0631663907009763
aviator-neural/gpt2-donald_trump,,-3.0631663907009763
benbeshara/vic_presser_bot,,-3.0631663906826248
alipsezzar/DialoGPT-medium-harrypotter,,-3.0631663907009763
bs-modeling-metadata/website_metadata_exp_1_model_25k_checkpoint,,-3.0631663907009763
huggingtweets/anttoretu,,-3.0631663906826376
ethzanalytics/ai-msgbot-gpt2-L,,-3.0631663907009763
Mythiie/DialoGPT-small-Modeus,,-3.0631663907009763
Necrozma/harrypotterbot,,-3.0631663907009763
TheTUFGuy/HermioneChatBot,,-3.0631663907009763
huggingtweets/artorrattv,,-3.0631663907009763
huggingartists/denderty,,-3.0631663907009763
disdamoe/DialoGPT-small-moe,,-3.0631663906786235
aimiekhe/yummv2,,-3.06316639067865
atharvapatil128/JakeBot,,-3.063166390678445
Norod78/english-sienfeld-distilgpt2,,-3.063166390678597
huggingtweets/atinux,,-3.0631663907009763
flax-community/gpt-code-clippy-125M-bs2048-raw,,-3.063166390676895
TofuBoy/DialoGPT-medium-Yubin2,,-3.0619693875193863
huggingtweets/agendernihilist,,-3.0631663906786386
gyre/200wordrpgmodel,,-3.063166390678459
gfdream/dialogpt-small-familyguy,,-3.0631663907009763
huggingtweets/arrl,,-3.0631663907009763
Shubham-Kumar-DTU/DialoGPT-small-goku,,-3.0631663907009763
Rush11/DialoGPT-small-HarryPotter,,-3.0631663907009763
S34NtheGuy/DialoGPT-medium-Glass_Of_Water,,-3.0631663907009763
addy88/gpt-neo-netflix,,-3.0619734511988654
danny911kr/calm-mix-large,,-3.063166390700407
huggingartists/ariana-grande,,-3.0631663906831514
NickCavarretta/DialoGPT-small-laffy,,-3.0631663906781865
danildany/DialoGPT-small-MichaelScott,,-3.0631663907009763
ham19za/model2,,-3.0631663906786524
dracoglacius/NTDB-GPT2,,-3.063166390683163
huggingartists/the-velvet-underground,,-3.0631663906831523
huggingtweets/artstarcross,,-3.0631663907009763
huggingartists/vladimir-vysotsky,,-3.063166390683966
huggingtweets/adiaeu,,-3.0631663907009763
huggingartists/grigory-leps,,-3.0631663907009763
huggingtweets/bitfinexed,,-3.0631663906826256
Stabley/DialoGPT-small-evelynn,,-3.063166390678217
himanshu-dutta/pycoder-gpt2,,-3.0631663907009763
huggingtweets/ahleemuhleek,,-3.06316639067846
dram-conflict/test_scripts,,-3.0631663906830484
huggingtweets/12rafiqul,,-3.0631663907009763
educhav/Elijah-DialoGPT-small,,-3.0631663906850273
QianWeiTech/GPT2-News,,-3.06203993401069
huggingtweets/423zb,,-3.0631663907009763
huggingartists/sum-41,,-3.0631663906786235
ensamblador/gpt2-derecha-with-bos-eos-48heads,,-3.0631663906826367
YusufSahin99/Zork_AI_SciFi,,-3.0631663906786235
Xeouz/Ultron-Small,,-3.0631663907009763
huggingtweets/_luisinhobr-beckvencido,,-3.0619428083402846
huggingtweets/bnbuzz,,-2.833194652362938
cumtowndiscord/DialoGPT-small-joshua,,-3.063166390682625
huggingtweets/beesforbo-cafe_orbitinnit-weebbutt,,-3.0631663907009763
bestminerevah/DialoGPT-small-thetenthdoctor,,-3.0631663907009763
flakje/DialoGPT-small-Marty,,-3.062047769195048
huggingartists/chester-bennington,,-3.0631663907009763
gagan3012/project-code-py-neo,,-3.0631663906858773
aced/DialoGPT-medium-3PO,,-3.062040969112778
huggingartists/as-i-lay-dying,,-2.8334163536699126
huggingartists/sergei-letov,,-3.063166390678445
TrimPeachu/Deadpool,,-3.0631663906827336
huggingartists/hyuna,,-3.063166390678217
cahya/gpt2-large-indonesian,,-3.0631663906789632
day/first-bot-small,,-3.0631663907009763
huggingtweets/666ouz666,,-3.0631663906829543
MrGentle/DeltaModel-genius1,,-3.0631663907009763
huggingartists/radiohead,,-3.0631663907009763
dingli/xlnet_nlp_smartdispatch,,-3.063166390676908
huggingtweets/adderallia,,-3.0631663907009763
danurahul/alex_gpt3_Doctextfull,,-3.0631663907009763
TrLOX/gpt2-tdk,,-3.063166390678593
day/first-bot-large,,-3.0631663907009763
ShayoGun/DialoGPT-small-shayo,,-3.0631663906839677
Norod78/hebrew_poetry-gpt_neo-small,,-3.063166390700579
YYJ/KunquChat,,-3.0631663907009763
huggingartists/maroon-5,,-3.063166390700264
ehdwns1516/gpt3-kor-based_gpt2_review_SR4,,-3.0631663907009763
ensamblador/gpt2-derecha-with-bos-eos-8heads,,-3.063166390685855
dats/DialoGPT-small-harrypotter,,-3.0631663906786266
bala1802/model_1_test,,-3.0619417666881725
huggingtweets/3thanguy7,,-3.0631663907009763
huggingtweets/09indierock,,-3.0631663907004976
huggingtweets/bbcqos,,-3.0631663907009763
akhooli/gpt2-ar-poetry-aub,,-3.0631663906833184
Vitafeu/DialoGPT-medium-ricksanchez,,-3.063166390679487
huggingtweets/alimaketweet,,-3.0631663906792865
huggingartists/bruce-springsteen,,-3.063166390700287
Zuha/DialoGPT-small-gandalf,,-3.0631663907009763
huggingtweets/beeboileau,,-3.0631663907009763
bigjoedata/rockbot,,-3.0631663907004376
bigjoedata/rockchatbot,,-3.0631663907008857
alistair7/bbt-diagpt2-model,,-3.0631663906788282
NamPE/DialoGPT-medium-Aqua-konosuba,,-3.0631663907009763
huggingtweets/bladeecity-rxmaybike-wojespn,,-3.0631663907008693
beatajackowska/DialoGPT-RickBot,,-3.063166390684649
SteveC/sdc_bot_two_step,,-3.0631663906786235
huggingtweets/arezno,,-3.0631663907009763
candra/headline-small-gpt2,,-3.0631663906783095
alexLopatin/alex-ai,,-3.0631663907009763
educhav/J-DialoGPT-small,,-3.0631663906826234
huggingtweets/berniesanders-coffee/burger,,-3.0631663907009763
huggingartists/morgenshtern,,-3.0631663907009763
huggingtweets/benchestnut,,-3.0631663906786244
huggingtweets/bobuk,,-3.0631663907009763
huggingartists/logic,,-3.063166390683152
huggingtweets/ai_hexcrawl-gptmicrofic,,-3.0631663907009763
huggingtweets/2wyatt2mason,,-3.0631663907009763
huggingtweets/awaythrow8,,-3.0631663906824658
huggingtweets/_its_mino_,,-3.0621614006616427
gagan3012/model,,-3.0631663907009763
Tejasvb/DialoGPT-small-rick,,-3.0631663907009763
DevSrijit/Harry,,-3.0631663906826265
huggingtweets/ambivalegenic-dril,,-3.063166390678217
huggingartists/gizmo,,-3.0631663907009763
daveripper0020/essaygpt2,,-3.0631663907009763
Rashid11/DialoGPT-small-rick,,-3.0631663906829414
huggingtweets/adhib,,-3.0631663907009763
byteb/DialoGPT-small-hades,,-3.063166390700419
huggingartists/aaron-watson,,-3.0631663906786244
huggingartists/slava-marlow,,-3.0621228699035976
Sunnydx/BillCipherBot,,-3.063166390678445
dreamline2/DialoGPT-small-joshua-demo,,-2.834403719617658
danny481/DialoGPT-small-datnguyenchatbot,,-3.0631663906786244
cactode/gpt2_urbandict_textgen_torch,,-3.063166390678219
DebateLabKIT/cript-medium,,-3.0631663906788207
huggingtweets/aaroisosaari,,-3.0631663907009763
huggingtweets/banjocatt,,-3.0631663906831643
Sora4762/DialoGPT-small-naruto1.1,,-3.0631663907009763
huggingtweets/berniesanders-coffee/burger-sensanders,,-3.0631663906784463
S34NtheGuy/DialoGPT-small-MJOLNIR_Soul,,-3.0631663907009763
Ritchie/DialoGPT-small-Rickandmorty,,-3.063166390685428
huggingtweets/basedgamerboi,,-3.0631663907009763
huggingtweets/aleyda-cyrusshepard-johnmu,,-3.063166390682943
amild01/GPT2-german-chefkoch,,-3.0631663907004376
darthboii/DialoGPT-small-Rick,,-3.0631663906786244
VariableZee/DialoGPT-small-ivylia03,,-3.0631663906786235
huggingtweets/birkirh,,-3.06316639067846
huggingartists/rocket,,-3.0631663907009763
Nihwy/DialoSqui,,-3.058888741259493
huggingtweets/abattoirscreed,,-3.0631663907009763
huggingartists/the-gazette,,-3.063166390684649
Ulto/avengers2,,-3.0631663906839437
Ulto/pythonCoPilot2,,-3.063166390683152
groar/gpt-neo-1.3B-finetuned-escape3,,-3.0631663907009763
SEBIS/legal_t5_small_summ_es,,-3.0621257821444017
huggingartists/big-baby-tape,,-3.0631663907009763
huggingtweets/appleddragon,,-2.833202878316565
huggingtweets/autogynefiles,,-3.061975281044531
huggingartists/upsahl,,-3.0631663907009763
SEBIS/legal_t5_small_trans_de_en,,-3.0631663907009763
Sheel/DialoGPT-small-harrypotter,,-3.063166390682447
RTurk/DialoGPT-small-TIMBOT,,-3.063166390678446
crystalgate/DialoGPT-small-rick,,-3.0631663906839663
hireddivas/DialoGPT-small-ray,,-3.0631663907009763
huggingtweets/alotoforanges,,-3.0631663907009763
cookirei/DialoGPT-medium-Joreyar,,-3.0631663907008706
huggingtweets/boss_lady_fenja-ladyfenja_promo,,-3.06316639067949
Rostlab/prot_t5_base_mt_uniref50,,-2.8322448404228915
ehdwns1516/gpt2_review_star2,,-3.063166390700974
asakawa/gpt2-wikitext2,,-3.0631663906786235
huggingartists/grimes,,-3.0631663907009763
huggingtweets/b50,,-3.063166390700419
huggingtweets/august77lng,,-3.0590129315414734
huggingtweets/0xtuba-jacksondame-mikedemarais,,-3.063166390700975
aggb/DialogGPT-small-AGGB-B,,-3.0631663907009763
huggingartists/kizaru,,-3.063166390682942
huggingtweets/avgmeat-dril-slitthroatz,,-3.0631663906839677
ScottaStrong/DialogGPT-small-joshua,,-3.0631663906826354
adresgezgini/Turkish-GPT-2-Finetuned_digital_ads,,-3.0619753279348383
felinecity/DioloGPT-small-KaeyaBot,,-3.063166390678756
huggingtweets/acephallus,,-3.063166390700364
Tofu05/DialoGPT-large-boon2,,-3.0619355440658853
huggingtweets/926stories-superachnural,,-3.063166390678461
bigjoedata/obama-gpt2-sm,,-3.0631663906839783
TheCatsMoo/DialoGGPT-small-joshua,,-3.0631663907009763
huggingtweets/alexwadecraig,,-3.0631663906862947
huggingtweets/_pranavnt,,-3.0631663906836653
ashwinchandran13/DialoGPT-small-harrypotter,,-3.063166390678625
huggingartists/og-buda,,-3.063166390683151
eunjin/kogpt2-finetuned-wellness,,-3.0631663907009763
huggingtweets/_stevenfan,,-3.0631663906826385
huggingtweets/bestmusiclyric-poetsorg,,-3.0631663907009763
dram-conflict/horror-scripts,,-3.0631663907009763
huggingartists/egor-letov,,-3.0631663906786235
balta/DialoGPT-small-TestBot,,-3.063166390676621
conniezyj/DialoGPT-small-snape,,-3.063166390682448
TrebleJeff/DialoGPT-small-Michael,,-3.0631663906786293
huggingtweets/abupepeofficial,,-3.063166390679502
huggingartists/ramil,,-3.0631663907009763
huggingartists/bryan-adams,,-3.0631663907007414
VishalArun/DialoGPT-medium-harrypotter,,-3.063166390683051
huggingtweets/aimbotaimy-ladydarknest,,-3.0631663907009763
beomi/kcgpt2-dev,,-2.8374596400153758
PhilSad/gpt-scp-neo-125M,,-3.0631663907009763
huggingtweets/bloodwarrioroc1,,-3.0631663907009763
heabeoun/DiabloGPT-small-nuon-conv,,-3.0631663907009763
caps1994/DialoGPT-small-chrisbot-caps1994,,-3.0631663906786253
huggingtweets/avantredguard,,-3.0631663906784605
chip/DialoGPT-small-chizuru,,-3.062011460552673
huggingtweets/antoinebordes,,-3.0631663906824604
PinoCorgi/DialoGPT-small-Shrek1,,-3.0631663907009763
Sid51/ChanBot,,-3.0631663906841213
bleachybrain/DialoGPT-med-ss,,-3.0631663907009763
huggingtweets/aumgensokyo,,-3.058888741259493
huggingtweets/Question,,-3.0631663906784605
huggingtweets/amirism_,,-3.0631663906784596
Sired/DialoGPT-small-trumpbot,,-3.0631663907009763
SIC98/GPT2-first-model,,-3.0631663907009763
groar/gpt-neo-1.3B-finetuned-escape5,,-3.0631663906842546
SuperDoge/DialoGPT-small-harrypotter,,-3.0631663906786266
cocoaclef/DialoGPT-small-kohaku,,-3.0631663906783086
aimiekhe/yummv1,,-3.0631663906772753
huggingartists/platina,,-3.063166390678217
huggingtweets/bladeecity-robber0540,,-3.0631663906839655
avnish100/DialoGPT-small-rick,,-3.0631663907009763
Oji/DialoGPT-small-Rick,,-3.063166390700497
huggingtweets/autophagian,,-3.0631663907009763
huggingartists/21-savage,,-3.0619765150068337
ericzhou/tsundere_v1,,-3.0631663906785813
huggingtweets/alanbocallaghan,,-3.062121779969586
YusufSahin99/IFIS_ZORK_AI_SCIFI,,-3.0631663906786226
clayfox/DialoGPT-medium-Hiccup,,-3.063166390677196
huggingartists/placebo,,-3.063166390678446
huggingtweets/_colebennett_,,-3.0631663907009763
gusintheshell/DialoGPT-small-rickbot,,-3.063166390678445
ehdwns1516/gpt3-kor-based_gpt2_review_SR5,,-3.0631663907009763
huggingtweets/926stories,,-3.063166390678639
hireddivas/DialoGPT-small-scully,,-3.0631663907009763
VLRevolution/DialogGPT-small-GGODMODEL,,-3.063166390682625
benajtil/DialoGPT-small-RickAndMortyScripts,,-3.063166390683967
huggingtweets/bowserbot2,,-3.0631663907009763
huggingartists/snoop-dogg,,-3.061942823962426
banden/DialoGPT-small-LokiBot,,-3.063166390682624
huggingtweets/alex73630,,-3.0631663906839783
huggingartists/dj-artem-artemov,,-3.0631663907009763
huggingartists/epic-rap-battles-of-history,,-3.0631663906784468
huggingtweets/agnescallard,,-3.06316639067846
huggingtweets/akasarahjean,,-3.0631663906786395
byeongal/gpt2-large,,-3.0631663907009763
ghhostboy/DialoGPT-medium-connorDBH3-1,,-3.0631663907007414
huggingartists/rihanna,,-3.0631663907009763
huggingtweets/aly/dixon-haleyosomething-svpino,,-3.0631663907009763
alenusch/rugpt3-paraphraser,,-2.832784834664259
huggingtweets/atomicthumbs,,-3.0631663906786386
Username1/Mourinhio-medium,,-3.063166390683047
Zixtrauce/JohnBot,,-3.0631663907009763
huggingtweets/beth_kindig-elonmusk-iofundofficial,,-3.0631663907009763
akivo4ka/ruGPT3medium_psy,,-3.0631663906841036
Sid51/CB,,-3.063166390678827
empushy/gpt2-emulator,,-3.0631663906786373
huggingtweets/atreyupilled,,-3.063166390678325
huggingtweets/adamwathan,,-3.0631663907009763
fransoa/DialoGPT-small-troska,,-3.063166390683665
MrE/DialoGPT-medium-SARGER3,,-3.0631663907009763
huggingtweets/axiaofficial,,-3.063166390685028
PhilSad/GPTJ2B-SCP,,-3.0631663907009763
Sora4762/DialoGPT-small-naruto,,-3.0631663907009763
SonMooSans/test,,-3.0631663907009763
NibrasShami/DialopGPT-small-HarryPotter,,-3.0631663906786253
huggingtweets/bleaksigilkeep,,-3.0631663906850384
huggingartists/aikko,,-3.063166390682943
huggingtweets/adhd_93,,-3.0631663907009763
huggingtweets/_f1rewalker_-staticmeganito,,-3.063166390678219
Zixtrauce/BrandonBot2,,-3.0631663907009763
banden/DialoGPT-medium-RickBot,,-3.063166390678445
huggingtweets/alisonselby_,,-3.0631663907003635
SEBIS/legal_t5_small_trans_cs_de,,-3.0619463066387
dudesparsh/tweet_GPT,,-3.0631663907009763
huggingtweets/_me_you_coward,,-3.0631663906786386
benajtil/DialoGPT-small-Daddyben,,-3.0631663907008697
huggingartists/nirvana,,-3.0631663906786235
huggingtweets/alogins,,-3.0631663907009763
huggingtweets/asofterscp,,-3.0631663907009763
huggingartists/till-lindemann,,-3.0631663907009763
NamPE/DialoGPT-medium-Takanashi-Rikka,,-3.0631663907009763
Piumi/DialogGPT-small-harrypotter,,-3.0631663907009763
ainize/gpt2-rnm-with-spongebob,,-3.063166390682636
huggingartists/5opka,,-3.063166390677054
Plencers/DialoGPT-small-homer,,-3.0631663907009763
huggingtweets/biinx_-dril-milkman409,,-3.058966614044385
huggingtweets//frye,,-3.06316639067846
huggingartists/the-69-eyes,,-3.0631663906842954
clairesb/kindness_bot_repo,,-3.0620848397742586
huggingtweets/bayesianboy,,-3.0631663907009763
Nova/DialoGPT-medium-Lelouch,,-3.0631663906840676
ericklasco/DialoGPT-small-erickHarryPotter,,-3.0631663906786253
alvinkobe/DialoGPT-small-KST,,-3.0631663907009763
huggingartists/ot-rus,,-3.0631663906826248
SilentMyuth/stable-jenny,,-3.0631663906794877
begar/distilgpt2-finetuned,,-3.0631663906839415
Vivek/GPT2_GSM8k,,-3.0631663907004185
adviksinghania/DialoGPT-medium-rick,,-3.062084941276511
huggingartists/deep-purple,,-3.0631663907009763
educhav/Austin-DialoGPT-small,,-3.063166390678446
SEBIS/legal_t5_small_trans_cs_sv,,-3.0631663907009763
huggingtweets/billwurtz,,-3.063166390677054
huggingartists/travis-scott,,-2.834395061506346
d4rk/harry,,-2.8387208410883833
brimeggi/testbot2,,-3.0631663907009763
gagan3012/keytotext-small,,-3.0631663907009763
huggingartists/cocomelon,,-3.0631663907009763
clancystudios/DialoGPT-medium-Morty,,-3.0631663907009763
danurahul/alex-gpt-L,,-3.0631663907009763
huggingtweets/aliceaeterna,,-3.063166390678638
huggingtweets/almostnora,,-3.0631663907009763
ShiroNeko/DialoGPT-small-rick,,-3.0631663907009763
S34NtheGuy/DialoGPT-small-Harry282,,-3.0631663907009763
huggingartists/aimer,,-3.0631663907008697
huggingtweets/asimcesim,,-3.0631663907009763
huggingtweets/ben_r_hoffman,,-3.063166390682955
huggingtweets/_luisinhobr-nomesdegato-nomesdj,,-3.0619428083402846
Tidum/DialoGPT-large-Michael,,-3.0619765150068337
Nokia/nlgp-natural,,-3.0631663907009763
donggyu/mnmt_decoder_ko,,-3.0631663906829485
huggingtweets/autosport-formulaoneworld-speedcafe,,-3.0631663906770563
huggingartists/mf-doom,,-3.0631663907009763
potaycat/vinanews-gpt2-kinda,,-3.0631663907009763
danurahul/doc2txt_model2,,-3.0631663907009763
huggingtweets/3lliethedoll,,-3.0631663907009763
ScottaStrong/DialogGPT-small-Scott,,-3.063166390683809
huggingtweets/bcdreyer,,-3.0631663907009763
huggingartists/mayot,,-3.0631663907009763
eldritch-axolotl/Rick,,-3.0631663907009763
disdamoe/TheManipulator,,-3.0631663907002915
Zixtrauce/BrandonBot,,-3.0631663907009763
ekkasilina/small_baseline,,-3.0631663907009763
SJSui/NekuBot,,-3.063166390678756
ange/DialoGPT-medium-Monke,,-3.0631663907009763
huggingtweets/badsleepwelll,,-3.0631663907009763
banalyst/wonder-egg,,-3.0631663906784428
flax-community/gpt-neo-125M-code-search-py,,-3.0631663906846707
huggingtweets/bhogleharsha,,-3.0631663907009763
huggingartists/billie-eilish,,-3.063166390678218
bigjoedata/trump-gpt2-sm,,-3.0631663907009763
SJSui/RickBot,,-3.050557396437856
darthboii/DialoGPT-small-PickleRick,,-3.063166390678446
ensamblador/gpt2-es-48heads,,-3.0631663906786355
Sammigooof/Peterbot,,-3.061935567132816
huggingtweets/angiejolielive,,-3.0631663907009763
huggingartists/max-korzh,,-3.0631663907009763
huggingartists/lil-baby,,-3.063166390683966
abhinema/distillgpt2,,-3.0631663907009763
Sedge/DialoGPT-small-Sedge,,-3.0631663907008693
S34NtheGuy/DialoGPT-small-cursedryno,,-3.0631663906786235
ekkasilina/big_baseline,,-3.0631663907009763
chan030609/DialoGPT-medium-JAB,,-3.0631663907009763
huggingtweets/barzoople,,-3.063166390700364
huggingartists/coldplay,,-3.0631663907009763
huggingtweets/_marfii,,-3.0631663906768805
RishabhRawatt/DialoGPT-small-Rickmorty,,-3.0631663906824476
gabtan99/dialogpt-tagalog-medium-30,,-3.0631663906827327
flooptherocket/DialogGPT-small-rick,,-3.063166390700497
huggingtweets/alterhuss-zainabverse,,-3.0631663907009763
huggingartists/suicideoscope,,-3.0631663906770554
huggingtweets/bichebuni,,-3.063166390678459
huggingtweets/brennacgray,,-3.0631663907009763
huggingtweets/60secondrevit,,-3.0631663906839677
huggingartists/mnogoznaal,,-3.0631663907009763
huggingtweets/actiongeologist,,-3.063166390700908
ScottaStrong/DialogGPT-medium-Scott,,-3.063166390678827
PolyakovMaxim/ModelGptTS,,-3.0631663906784596
anshengli2/DialogGPT-small-Bot,,-3.0631663907009763
huggingtweets/14werewolfvevo,,-3.0631663907009763
huggingtweets/albiuwu_,,-3.0631663906786386
Ulto/pythonCoPilot,,-3.063166390684649
chicaaago/coomaa_sensei,,-3.0631663906786235
VMET/DialoGPT-small-dumbassbot,,-2.8344018013627337
huggingartists/cardi-b,,-3.0631663907009763
WarrenK-Design/DialoGPT-small-Rick,,-3.063166390700275
huggingtweets/blueeyedgirlnft,,-3.063166390683151
clayfox/DialoGPT-small-Hiccup,,-3.0631663906784468
chaitrabhat/DialoGPT-small-rick,,-3.0631663907009763
groar/distilgpt2-finetuned-wikitext2,,-3.0631663907009763
huggingtweets//wmww,,-3.0631663907009763
pixelsandpointers/bart-base-empatheticdialogues,,-3.063166390685028
Vampiro/DialoGPT-small-dante_b,,-3.0631663907009763
ainize/gpt2-rnm-with-only-rick,,-3.063166390700558
Zen1/test1,,-3.0631663906786244
huggingtweets/bibliobabble,,-3.0631663906782336
TTYU/DialoGPT-small-trump,,-3.0631663907009763
huggingtweets/andrewfleer,,-3.0631663907009763
huggingtweets/alt_kia,,-3.0631663907009763
huggingtweets/aliabunimah,,-3.063166390700538
huggingtweets/alibabagroup,,-2.833194652362938
huggingartists/boris-grebenshikov,,-3.0631663906794917
daqiao202/distilgpt2-finetuned-wikitext2,,-3.063166390678414
ainize/GPT2-futurama-script,,-3.0631663906790703
Yankee/TEST21,,-3.0631663907009763
huggingartists/billy-talent,,-3.063166390682625
Snaky/StupidEdwin,,-3.0631663907009763
danurahul/alex-gpt-doc2text,,-3.0631663907009763
huggingartists/mashina-vremeni,,-3.0631663907009763
huggingtweets/analogcitizen,,-3.063166390678464
huggingtweets/aijritter,,-3.0631663907009763
huggingtweets/balcobops-liyrex_irl-waitforgot,,-3.0631663906786253
huggingtweets/avrillavigne,,-3.0631663906836772
SEBIS/legal_t5_small_trans_cs_it,,-3.0631663907009763
huggingartists/kurt-cobain,,-3.0631663906858484
huggingartists/agata-christie,,-3.0631663906850286
huggingartists/led-zeppelin,,-3.06316639068465
WoutN2001/james3,,-3.0631663907009763
pyordii/distilgpt2-finetuned-AT,,-3.063166390678412
huggingartists/kipelov,,-3.063166390678445
huggingartists/dua-lipa,,-3.0631663906786235
akozlo/conserv_fulltext_1_18_22,,-3.0631663906850273
arifbhrn/DialogGPT-small-Rickk,,-3.0631663907009763
bs-modeling-metadata/html-metadata-exp1-subexp2-1929863,,-3.0631663907009763
huggingtweets/benedictevans,,-3.0631663906784596
huggingartists/dababy,,-3.0631663907009763
aman21/DialoGPT-medium-Morty,,-3.063166390700457
Sheerwin02/DialoGPT-medium-mikasa,,-3.063166390685125
SpacyGalaxy/DialoGPT-medium-Gandalf,,-3.0631663906827344
huggingartists/kishlak,,-3.063166390678445
dead69/GPT-small-yoda,,-3.0631663907009763
huggingartists/enya,,-3.0631663906783095
geralt/MechDistilGPT2,,-3.06316639067924
dhlpricing/MyGPT2TG-cased-v1,,-3.0619764679201382
Zixtrauce/BDBot,,-3.0631663906784468
TVLG/DialoGPT-small-Iroh-Bot,,-3.0631663907009763
DebateLabKIT/cript,,-3.0631663906786377
huggingtweets/barackobama-karlousm-uofofn,,-3.063166390700275
huggingtweets/926stories-farheyraan-theaamirsays,,-3.0631663906784614
bypequeno/DialoGPT-small-michaelscott,,-3.063166390686737
huggingartists/joji,,-3.0619765150068337
Paradocx/Dialogpt-mid-hpai,,-3.0631663906829427
huggingtweets/berniesanders,,-3.0631663907009763
atkh6673/DialoGPT-small-harrypotter,,-3.063166390678445
huggingtweets/barackobama,,-3.063166390700935
huggingtweets/arryadia_brk,,-3.063166390678445
huggingtweets/azulcrescent,,-3.0631663906858586
huggingtweets/berniesanders-dril,,-3.0631663907009763
huggingartists/shadowraze,,-3.063166390678445
SouvikGhosh/DialoGPT-Souvik,,-3.0631663906826256
candra/gpt2-newgen-test,,-3.063166390678219
huggingartists/kehlani,,-3.063166390677054
S34NtheGuy/DialoGPT-small-pikamew362,,-3.0631663906786244
RizqFarIDN/DialoGPT-small-harrypotter,,-3.0631663907003004
huggingtweets/aevaeavaevevave,,-3.0631663906829427
hrv/DialoGPT-small-rick-morty,,-3.0620115062539237
huggingartists/100-gecs,,-3.0619764679201382
UKJ5/DialoGPT-small-harrypotter,,-3.0631663906824462
huggingartists/the-the-pigs,,-3.0631663906826248
huggingtweets/ak92501-cafe_orbitinnit-ihatesinglets,,-3.0631663906786226
huggingtweets/_scottcondron,,-3.063166390686737
ainize/gpt2-simpsons-script-large,,-3.0631663907008724
huggingartists/abba,,-3.0631663906862854
RifsxD/DialoGPT-medium-raifu,,-3.063166390700871
eclare/DialoGPT-small-SCHAEFER,,-3.0631663907009763
huggingtweets/antiihope,,-3.063166390700264
huggingartists/pyrokinesis,,-3.0631663906786266
huggingtweets/bbcqos-fitslut63-kellyg_official,,-3.0631663907009763
fibruh/DialoGPT-small-harrypotter,,-3.061976435762154
day/her-bot-small,,-3.0631663907009763
Thejas/DialoGPT-small-Stewei,,-3.063166390678445
huggingtweets/benioff,,-3.0631663906786235
cosmic/DialoGPT-Rick,,-3.063166390685028
SaffronIce/DialoGPT-medium-Jett,,-3.0620409904879002
huggingtweets/alexisuwualexis,,-3.0631663906829423
danurahul/RuGPT3_german20,,-3.0631663907009763
dk16gaming/DialoGPT-small-HarryPotter,,-3.0631663906829423
huggingtweets/artificialstup5,,-3.0631663907009763
danny911kr/calm-large,,-3.063166390700913
Wise/DialogGPT-small-JC,,-3.0631663907009763
huggingtweets/boogie2988,,-3.0631663907009763
grayson124/chatbotwaifu,,-3.0631663907009763
huggingartists/gspd,,-3.0631663907009763
huggingartists/mumiy-troll,,-3.0631663907009763
Wintermute/Wintermute_extended,,-3.0631663907009763
empushy/gpt2-alerts,,-3.0631663907009763
eklrivera/DialoGPT-small-harrypotter,,-3.0631663907009763
Sheerwin02/DialoGPT-small-isla,,-3.0631663907003994
REZERO/DialoGPT-medium-saitama,,-3.0631663906770052
huggingartists/face,,-3.0631663906786244
huggingartists/madonna,,-3.063166390683152
flax-community/norsk-gpt-wiki,,-3.06316639068465
RishabhRawatt/DialoGPT-small-kela,,-3.0631663906858506
Ulto/avengeeers,,-3.063166390700869
deepparag/DumBot-Beta,,-3.0619734319906513
huggingartists/rammstein,,-3.0631663907009763
NoLawz/DialoGPT-medium-harrypotter,,-3.0620045883342284
huggingartists/john-k-samson,,-3.061976459931364
huggingtweets/adriangregory20,,-3.0631663907009763
huggingartists/joni-mitchell,,-3.061942872381391
huggingtweets/4pfviolet,,-3.0631663907009763
chamodkarunasena/DialoGPT-medium-sokka,,-3.0631663907009763
PhilipTheGreat/DiabloGPT-small-Traveller,,-3.0631663907009763
Science-geek32/DialoGPT-small-doctor,,-3.0631663906768636
dbragdon/noamlm,,-3.0631663907009763
huggingtweets/animemajg,,-3.0631663906786395
alvinkobe/DialoGPT-medium-steve_biko,,-3.063166390679785
Pensador777critico/DialoGPT-small-RickandMorty,,-2.8334141875650483
SEBIS/legal_t5_small_trans_de_es,,-3.0631663907009763
huggingtweets/americanpineapp,,-3.0631663906784605
huggingtweets/bognamk,,-3.0631663907009763
huggingartists/marillion,,-3.0631663906796565
VaguelyCynical/DialoGPT-small-RickSanchez,,-3.0631663907009763
aorona/dickens,,-3.0631663907009763
huggingartists/6ix9ine,,-3.063166390678446
bookbot/gpt2-indo-medium-kids-stories,,-3.0631663907009763
huggingartists/arash,,-3.063166390683152
huggingtweets/_f1rewalker_,,-3.0631663906786235
Zixtrauce/BDBot4Epoch,,-3.0631663906786266
huggingtweets/bladeecity,,-3.063166390686285
ayameRushia/gpt2-medium-fine-tuning-indonesia-poem,,-3.0631663907009763
SEBIS/legal_t5_small_summ_cs,,-3.0504771667330335
akaushik1/DialoGPT-small-kaiser,,-3.063166390682941
huggingtweets/_lukeharris,,-3.0631663907009763
caps1994/DialoGPT-small-chrisbot,,-3.0631663906786257
Ryanar/DialoGPT-medium-Zelda,,-3.0631663907009763
boran/berkbot,,-3.0631663907009763
PurpleJacketGuy/My_Jarvis,,-3.0588620739003205
huggingtweets/angularocean,,-3.0631663907009763
huggingtweets/behemilf,,-3.063166390678445
huggingartists/miyagi,,-3.0631663907009763
huggingtweets/amnananadeem-talal916,,-3.0631663906786244
huggingtweets/antyzer_,,-3.063166390682955
huggingtweets/asmallfiction,,-3.0631663907009763
huggingtweets/ana_couper,,-3.06316639067846
chinhon/distilgpt2-sgnews,,-3.061981303304149
gagan3012/keytotext-gpt,,-3.0631663907009763
cosmicray001/small-harry,,-3.0631663907005175
huggingartists/mating-ritual,,-3.063166390700976
huggingartists/lil-nas-x,,-3.063166390682943
danny911kr/calm-mix-base,,-3.0631663907008275
huggingtweets/alice333ai-alicecweam,,-3.0631663907009763
ensamblador/gpt2-twitter-politico,,-3.0631663906786395
huggingtweets/born_2be_loved,,-3.0631663906850384
huggingtweets/anshulkundaje,,-3.0631663906854376
huggingtweets/_djpn,,-3.0631663907009763
huggingtweets/ammienoot,,-3.0631663906786386
Username1/Mourinho,,-3.0631663906860793
huggingtweets/alisonaharris,,-3.0631663907003817
Sin/DialoGPT-small-zai,,-3.0631663907009763
S34NtheGuy/DialoGPT-small-wetterlettuce,,-3.0504771667330335
Salma-2/DialoGPT-small-harrypotter,,-3.061942880587805
a01709042/DialoGPT-medium,,-3.0631663907009763
colochoplay/DialoGTP-small-harrypotter,,-3.0631663906824493
huggingtweets/_nisagiss-dril-prezoh,,-3.0631663906831528
huggingtweets/ai_hexcrawl-dril_gpt2-drilbot_neo,,-3.063166390678176
StevenShoemakerNLP/pitchfork,,-3.06316639067846
aypan17/gpt2-med-imdb,,-3.0619355440658853
groar/gpt-neo-1.3B-finetuned-escape2,,-3.0631663907009763
huggingartists/lil-uzi-vert,,-3.0631663906831528
huggingtweets/14jun1995,,-3.0631663907009763
huggingtweets/andrewcuomo,,-3.0631663907009763
gfdream/dialogpt-small-harrypotter,,-3.063166390700264
f00d4tehg0dz/Peppa,,-3.0631663907009763
gabtan99/dialogpt-tagalog-medium-20,,-3.0631663907009763
huggingartists/egor-kreed,,-3.0631663906783104
huggingtweets/annel3illot,,-3.061975307220323
cutiebunny639/DialoGPT-small-harry,,-3.0631663907009763
huggingartists/lyapis-trubetskoy,,-3.0631663906786226
danurahul/german_gpt_4g,,-3.0631663906784605
huggingtweets/benskerim,,-3.0631663906786395
huggingtweets/borisdayma-elonmusk,,-3.063166390678465
gwima/ryan-sackmott,,-3.063166390678445
huggingartists/mikhail-gorshenev,,-3.0631663907009763
huggingtweets/anoushnajarian,,-3.06316639067846
huggingtweets/abkazias,,-3.0631663906826385
Nisarg2701/DialoGPT-medium-Rick,,-3.058888741259493
chellver24/DialoGPT-medium-chizuru_ichinose,,-3.0631663906785795
alistvt/bert-base-uncased-pretrained-clm-coqa-stories,,-3.0631663906930515
Zeer0/DialoGPT-small-ZerO,,-3.0631663906786235
huggingtweets/borisjohnson,,-3.0631663906831648
MrZ/DialoGPT-small-Rick,,-3.0631663907009763
huggingartists/lovv66,,-3.0631663907009763
huggingtweets/atticscientist,,-3.0588888009833655
huggingtweets/altcoinpsycho-digitalartchick-justintrimble,,-3.0631663907009763
huggingtweets/ai_hexcrawl-dailyartprompts,,-3.0631663906786257
Zeph/DialoGPT-small-rick,,-3.0631663906786235
Tropics/DialoGPT-small-peppa,,-3.063166390682625
huggingtweets/anotheredenrpg,,-3.0631663906770705
awvik360/DialoGPT-medium-plemons,,-3.0631663907009763
huggingtweets/benjinaesen,,-3.0631663906784605
felinecity/DioloGPT-small-LisaBot,,-3.061976431666357
huggingtweets/beemoviescript,,-3.0631663907009763
huggingtweets/alanwattsdaily,,-3.0620102930415865
abhinema/testauto,,-3.0631663906785787
huggingtweets/brad_buchsbaum,,-3.0631663907009763
boydster/DialoGPT-small-gollum,,-3.0631663907009763
ham19za/model,,-3.0631663906786533
ainize/gpt2-rnm-with-season-1,,-3.0631663906836772
huggingartists/zemfira,,-3.0631663906796573
NaturesDisaster/DialoGPT-small-Neku,,-3.0631663907009763
huggingtweets/aoc,,-3.0631663906850286
huggingtweets/axialcatwalk,,-3.0631663907004976
huggingtweets/albertletranger,,-3.062010300102134
huggingtweets/alper,,-3.0631663907009763
abjbpi/DS_small,,-3.061968301328369
huggingtweets/badbunnytwitch,,-2.834403719617658
danurahul/alex_gpt3_endoftext,,-3.0631663907009763
NaturesDisaster/DialoGPT-large-Neku,,-2.834402564790699
huggingartists/loverance,,-3.0631663907009763
huggingtweets/atlassian,,-3.0631663907009763
huggingartists/phish,,-3.063166390678445
huggingtweets/alexip,,-3.0631663907008697
day/first-bot-medium,,-3.0631663907009763
Whitez/DialoGPT-small-twety,,-3.0631663907009763
huggingtweets/alicefromqueens,,-3.063166390700315
Pyjay/gpt2-medium-dutch-finetuned-text-generation,,-3.0505570315874437
huggingartists/twenty-one-pilots,,-3.0631663907009763
huggingtweets/alexfiguii,,-3.0631663906839774
huggingtweets/alexsalmond,,-3.063166390700419
huggingartists/armin-van-buuren,,-3.0631663906850264
REAP3R/Chat-bot,,-3.0631663907009763
huggingartists/our-last-night,,-3.063166390678218
Poly-Pixel/shrek-test-small,,-3.0631663907009763
huggingtweets//stillpoint,,-3.0631663906786417
huggingtweets/annieqqqqqq,,-3.062010328654413
huggingtweets/afinchwrites,,-3.0631663906867463
VulcanBin/DialoGPT-small-cortana,,-3.0631663907007085
bigjoedata/friendlychatbot,,-3.0631663906826367
huggingtweets/_elli420_,,-3.0631663907009763
astrobreazy/DialoGPT-small-harrypotter,,-3.063166390678446
huggingartists/pharaoh,,-3.0631663906786235
hama/barney_bot,,-3.063166390678756
asakawa/distilgpt2-finetuned-wikitext2,,-3.063166390678141
huggingartists/the-sugarcubes,,-3.0631663906839663
huggingtweets/aimbotaimy-demi_naga-livingscribe,,-3.0631663907009763
huggingtweets/abelaer,,-3.063166390678233
huggingtweets/agencialavieja,,-3.0631663906784596
huggingtweets/adapkepinska,,-3.0631663907009763
TheDiamondKing/DialoGPT-small-harrypotter,,-3.0631663907009763
digit82/kogpt2-summarization,,-3.0631663907009763
Nekoism/Zhongli-Beta,,-3.0631663907009763
huggingtweets///devii,,-3.063166390678639
cosmicray001/prod-harry,,-3.063166390686737
huggingtweets/andreskwon,,-3.0631663907009763
huggingartists/fascinoma,,-3.063166390678445
SPGT/LiveSafe-DialoGPT,,-3.061976522990792
bagdaebhishek/IndianPoliticalTweetsLMMedium,,-3.062040650933171
huggingartists/bushido-zho,,-3.0631663907009763
dukeme/DialoGPT-small-RDBotv1,,-3.0631663907009763
brimeggi/inexis-bot,,-3.0631663907009763
alienspaceman/rus_dreamgen_fulltext_medium,,-3.0631663907009763
huggingtweets/anitta,,-3.0631663906781723
anduush/DialoGPT-small-Rick,,-3.0631663907009763
gpt2-adstext/gpt2-adstext,,-3.0631663907009763
balamariannmt/LanguageModel_Trial_2,,-3.061941594791701
huggingartists/sqwore,,-3.0620476267009638
huggingtweets/billgates-jack,,-3.050557534579376
Username1/Wenger,,-3.0631663907009763
ThatSkyFox/DialoGPT-small-joshua,,-3.0631663907009763
huggingartists/25-17,,-3.061942880587805
huggingtweets/_srhiggins,,-3.0631663906839774
abhinema/gpt,,-3.0631663906786244
Verge/Peterbot,,-3.063166390683259
hama/me0.01,,-3.06316639067876
huggingartists/sam-kim,,-3.0631663907009763
huggingtweets/anotherpattern,,-3.0631663906786395
huggingtweets/ai_hexcrawl,,-3.0631663907009763
huggingtweets/billgates,,-3.061942880587805
huggingtweets/anvers1158,,-3.0631663907009763
huggingartists/florence-the-machine,,-3.063166390678313
danurahul/alex-gpt2000,,-3.0631663907009763
bagdaebhishek/IndianPoliticalTweetsLM,,-3.0619754440631692
huggingtweets/albinkurti,,-3.063166390677054
Tr1ex/DialoGPT-small-rick,,-3.063166390676621
pixelsandpointers/dialoGPT-small-empatheticdialogues-generation,,-3.063166390683967
Skywhy/DialoGPT-medium-Churchyy,,-3.0631663907009763
gagan3012/project-code-py,,-3.063166390683978
huggingtweets/_holyweather,,-3.06201034196498
balawmt/LanguageModel_Trial_1,,-3.0631663907009763
aluserhuggingface/DialoGPT-small-harrypotter,,-3.063166390685029
RobinMari/DialoGPT-small-mikoto,,-3.0631663907009763
houssaineamzil/DialoGPT-small-joey,,-3.062161387804825
aypan17/distilgpt2-imdb,,-3.063166390678592
felinecity/DioloGPT-small-KaeyaBot2,,-3.062004618813823
The-Programmer-With-Cool-Pens/TifaBotAIPackage,,-3.0631663907009763
danny481/Final_ChatBot,,-3.0631663906850277
huggingtweets/_alexhirsch,,-3.0631663907009763
SEBIS/legal_t5_small_trans_de_sv,,-3.0631663907009763
huggingartists/bladee,,-3.063166390700315
cambridgeltl/simctg_english_wikipedia,,-3.0631663906783255
huggingartists/macan,,-3.063166390682942
huggingtweets/bouncemanautumn,,-3.0631663907005175
huggingtweets/anticarbons,,-3.0631663906824467
huggingtweets/aliceaeterna-clamtime-redpandasmash,,-3.0631663907009763
ha-mulan/moby-dick,,-3.0631663906784543
Poly-Pixel/shrek-medium,,-3.0631663907009763
chan030609/DialoGPT-small-JAB,,-3.0631663907009763
danny911kr/calm-base,,-3.0631663906799997
ensamblador/gpt2-es-8heads,,-3.063166390678451
huggingartists/van-morrison,,-3.0631663906783095
huggingtweets/anotherday//,,-3.0631663907009763
huggingartists/sugar-ray,,-3.0631663907009763
huggingtweets/amongusgame,,-3.063166390678445
akozlo/con_bal60k,,-3.0631663907009763
huggingartists/ddt,,-3.0631663907009763
huggingtweets/albertsstuff,,-3.0631663907009763
huggingartists/i-dont-know-how-but-they-found-me,,-3.063166390678219
huggingartists/john-lennon,,-3.062011460552673
flax-community/gpt-neo-125M-code-clippy-dedup,,-3.0631663906836883
Siyris/DialoGPT-medium-SIY,,-3.0631663907009763
Vampiro/DialoGPT-small-dante_c,,-3.0631663907009763
groar/distilgpt2-finetuned-escape,,-3.0631663907009763
huggingtweets/adderallblack,,-3.0631663907009763
huggingtweets/brandonreeves08,,-3.0631663907009763
huggingartists/skillet,,-3.0619764679201382
Siyris/SIY,,-3.0631663907009763
huggingtweets/bfkelleher,,-3.0631663907009763
huggingartists/fear-factory,,-3.063166390678446
huggingtweets/barackobama-billgates,,-3.0631663906826367
arnav7633/DialoGPT-medium-tony_stark,,-3.0631663906787567
TofuBoy/DialoGPT-medium-boon,,-3.0631663907009763
df4rfrrf/DialoGPT-medium-Aerith,,-3.0620114690650246
huggingtweets/arsonatdennys,,-3.0631663906826385
ehdwns1516/gpt3-kor-based_gpt2_review_SR3,,-3.0631663907009763
huggingartists/the-weeknd,,-3.0631663906831514
honguyenminh/old-zhongli,,-3.0631663906785795
huggingtweets/_phr3nzy,,-3.0631663907008697
huggingartists/imagine-dragons,,-3.061942823962426
danurahul/alex-gpt-finetune,,-3.0631663907009763
asad/DialoGPT-small-harryporter_bot,,-3.063166390683151
Norod78/hebrew-bad_wiki-gpt_neo-tiny,,-3.063166390678426
Spoon/DialoGPT-small-engineer,,-3.0631663906786235
huggingtweets/bladeecity-rxmaybike,,-3.0631663906839663
huggingtweets/_deep_winter_,,-3.0631663907009763
flax-community/gpt-neo-125M-code-search-all,,-3.0631663906846707
SilentMyuth/stablejen,,-3.0631663907009465
huggingtweets/_rdo,,-3.0631663906829543
Wintermute/Wintermute,,-3.0631663907009763
huggingartists/the-notorious-big,,-3.063166390684649
huggingartists/post-malone,,-3.0631663906786235
huggingtweets/3thyr3al,,-3.0631663907009763
huggingtweets/amccarty,,-3.063166390682955
